-- phpMyAdmin SQL Dump
-- version 5.2.1
-- https://www.phpmyadmin.net/
--
-- Host: 127.0.0.1:3306
-- Generation Time: Jul 13, 2025 at 05:17 PM
-- Server version: 8.3.0
-- PHP Version: 8.3.6

SET SQL_MODE = "NO_AUTO_VALUE_ON_ZERO";
START TRANSACTION;
SET time_zone = "+00:00";


/*!40101 SET @OLD_CHARACTER_SET_CLIENT=@@CHARACTER_SET_CLIENT */;
/*!40101 SET @OLD_CHARACTER_SET_RESULTS=@@CHARACTER_SET_RESULTS */;
/*!40101 SET @OLD_COLLATION_CONNECTION=@@COLLATION_CONNECTION */;
/*!40101 SET NAMES utf8mb4 */;

--
-- Database: `availablibility`
--

-- --------------------------------------------------------

--
-- Table structure for table `admins`
--

DROP TABLE IF EXISTS `admins`;
CREATE TABLE IF NOT EXISTS `admins` (
  `id` bigint UNSIGNED NOT NULL AUTO_INCREMENT,
  `name` varchar(191) COLLATE utf8mb4_unicode_ci NOT NULL,
  `email` varchar(191) COLLATE utf8mb4_unicode_ci NOT NULL,
  `password` varchar(191) COLLATE utf8mb4_unicode_ci NOT NULL,
  `remember_token` varchar(100) COLLATE utf8mb4_unicode_ci DEFAULT NULL,
  `created_at` timestamp NULL DEFAULT NULL,
  `updated_at` timestamp NULL DEFAULT NULL,
  PRIMARY KEY (`id`),
  UNIQUE KEY `admins_email_unique` (`email`)
) ENGINE=MyISAM AUTO_INCREMENT=2 DEFAULT CHARSET=utf8mb4 COLLATE=utf8mb4_unicode_ci;

--
-- Dumping data for table `admins`
--

INSERT INTO `admins` (`id`, `name`, `email`, `password`, `remember_token`, `created_at`, `updated_at`) VALUES
(1, 'Super Admin', 'admin@example.com', '$2y$12$LKNqL29Wq8qHNGPSWKYT4OAvLCyepIAv7Rl9xOLSQAGJ2XM0Vx88y', NULL, '2025-07-13 10:53:10', '2025-07-13 10:53:10');

-- --------------------------------------------------------

--
-- Table structure for table `bookings`
--

DROP TABLE IF EXISTS `bookings`;
CREATE TABLE IF NOT EXISTS `bookings` (
  `id` bigint UNSIGNED NOT NULL AUTO_INCREMENT,
  `user_id` bigint UNSIGNED NOT NULL,
  `booking_date` date NOT NULL,
  `booking_type` enum('full','half','custom') COLLATE utf8mb4_unicode_ci NOT NULL,
  `half_day_type` enum('first_half','second_half') COLLATE utf8mb4_unicode_ci DEFAULT NULL,
  `start_time` time DEFAULT NULL,
  `end_time` time DEFAULT NULL,
  `created_at` timestamp NULL DEFAULT NULL,
  `updated_at` timestamp NULL DEFAULT NULL,
  PRIMARY KEY (`id`),
  KEY `bookings_user_id_foreign` (`user_id`)
) ENGINE=MyISAM AUTO_INCREMENT=3014 DEFAULT CHARSET=utf8mb4 COLLATE=utf8mb4_unicode_ci;

--
-- Dumping data for table `bookings`
--

INSERT INTO `bookings` (`id`, `user_id`, `booking_date`, `booking_type`, `half_day_type`, `start_time`, `end_time`, `created_at`, `updated_at`) VALUES
(11, 15, '2025-08-12', 'full', NULL, NULL, NULL, '2025-07-13 11:13:59', '2025-07-13 11:13:59'),
(10, 2, '2025-07-17', 'half', 'first_half', '08:00:00', '13:00:00', '2025-07-13 09:38:47', '2025-07-13 09:38:47'),
(9, 1, '2025-07-24', 'half', 'first_half', '08:00:00', '13:00:00', '2025-07-13 09:38:23', '2025-07-13 09:38:23'),
(8, 2, '2025-07-14', 'full', NULL, NULL, NULL, '2025-07-13 09:17:41', '2025-07-13 09:17:41'),
(3012, 148, '2024-12-19', 'half', 'second_half', '14:00:00', '18:00:00', '2025-07-13 11:44:20', '2025-07-13 11:44:20'),
(3011, 161, '2025-05-20', 'custom', NULL, '07:50:50', '08:50:50', '2025-07-13 11:44:20', '2025-07-13 11:44:20'),
(3010, 88, '2024-12-17', 'custom', NULL, '00:09:24', '03:09:24', '2025-07-13 11:44:20', '2025-07-13 11:44:20'),
(3009, 47, '2024-10-25', 'custom', NULL, '10:11:48', '11:11:48', '2025-07-13 11:44:20', '2025-07-13 11:44:20'),
(3008, 12, '2024-11-07', 'custom', NULL, '10:46:18', '11:46:18', '2025-07-13 11:44:20', '2025-07-13 11:44:20'),
(3007, 47, '2024-11-18', 'full', NULL, '09:00:00', '18:00:00', '2025-07-13 11:44:20', '2025-07-13 11:44:20'),
(3006, 104, '2024-12-05', 'custom', NULL, '00:42:17', '03:42:17', '2025-07-13 11:44:20', '2025-07-13 11:44:20'),
(2513, 67, '2024-07-15', 'full', NULL, '09:00:00', '18:00:00', '2025-07-13 11:44:19', '2025-07-13 11:44:19'),
(2512, 44, '2024-07-25', 'full', NULL, '09:00:00', '18:00:00', '2025-07-13 11:44:19', '2025-07-13 11:44:19'),
(2511, 80, '2024-08-10', 'full', NULL, '09:00:00', '18:00:00', '2025-07-13 11:44:19', '2025-07-13 11:44:19'),
(2510, 194, '2024-11-08', 'custom', NULL, '06:49:06', '08:49:06', '2025-07-13 11:44:19', '2025-07-13 11:44:19'),
(2509, 170, '2025-01-17', 'custom', NULL, '01:53:10', '04:53:10', '2025-07-13 11:44:19', '2025-07-13 11:44:19'),
(2508, 8, '2024-09-06', 'custom', NULL, '22:02:52', '01:02:52', '2025-07-13 11:44:19', '2025-07-13 11:44:19'),
(2507, 28, '2024-12-17', 'half', 'second_half', '14:00:00', '18:00:00', '2025-07-13 11:44:19', '2025-07-13 11:44:19'),
(2506, 26, '2024-11-03', 'custom', NULL, '11:55:14', '12:55:14', '2025-07-13 11:44:19', '2025-07-13 11:44:19'),
(2505, 4, '2024-08-20', 'half', 'first_half', '08:00:00', '14:00:00', '2025-07-13 11:44:19', '2025-07-13 11:44:19'),
(2504, 106, '2025-06-14', 'custom', NULL, '03:06:07', '06:06:07', '2025-07-13 11:44:19', '2025-07-13 11:44:19'),
(2503, 197, '2024-12-07', 'half', 'first_half', '08:00:00', '14:00:00', '2025-07-13 11:44:19', '2025-07-13 11:44:19'),
(2502, 171, '2025-05-14', 'half', 'second_half', '14:00:00', '18:00:00', '2025-07-13 11:44:19', '2025-07-13 11:44:19'),
(2501, 1, '2024-07-31', 'half', 'second_half', '14:00:00', '18:00:00', '2025-07-13 11:44:19', '2025-07-13 11:44:19'),
(2500, 151, '2024-08-09', 'half', 'second_half', '14:00:00', '18:00:00', '2025-07-13 11:44:19', '2025-07-13 11:44:19'),
(2499, 123, '2024-11-20', 'custom', NULL, '19:32:18', '21:32:18', '2025-07-13 11:44:19', '2025-07-13 11:44:19'),
(2498, 14, '2024-09-06', 'custom', NULL, '17:14:09', '20:14:09', '2025-07-13 11:44:19', '2025-07-13 11:44:19'),
(2497, 121, '2025-02-07', 'custom', NULL, '17:54:45', '18:54:45', '2025-07-13 11:44:19', '2025-07-13 11:44:19'),
(2496, 164, '2024-11-07', 'half', 'first_half', '08:00:00', '14:00:00', '2025-07-13 11:44:19', '2025-07-13 11:44:19'),
(2495, 19, '2024-11-13', 'full', NULL, '09:00:00', '18:00:00', '2025-07-13 11:44:19', '2025-07-13 11:44:19'),
(2494, 49, '2024-10-16', 'half', 'second_half', '14:00:00', '18:00:00', '2025-07-13 11:44:19', '2025-07-13 11:44:19'),
(2493, 41, '2024-10-08', 'full', NULL, '09:00:00', '18:00:00', '2025-07-13 11:44:19', '2025-07-13 11:44:19'),
(2492, 2, '2025-06-17', 'full', NULL, '09:00:00', '18:00:00', '2025-07-13 11:44:19', '2025-07-13 11:44:19'),
(2491, 193, '2025-01-21', 'half', 'second_half', '14:00:00', '18:00:00', '2025-07-13 11:44:19', '2025-07-13 11:44:19'),
(2490, 86, '2024-11-22', 'half', 'second_half', '14:00:00', '18:00:00', '2025-07-13 11:44:19', '2025-07-13 11:44:19'),
(2489, 179, '2024-10-02', 'half', 'first_half', '08:00:00', '14:00:00', '2025-07-13 11:44:19', '2025-07-13 11:44:19'),
(2488, 23, '2025-03-28', 'full', NULL, '09:00:00', '18:00:00', '2025-07-13 11:44:19', '2025-07-13 11:44:19'),
(2487, 144, '2024-07-18', 'half', 'first_half', '08:00:00', '14:00:00', '2025-07-13 11:44:19', '2025-07-13 11:44:19'),
(2486, 47, '2025-05-13', 'half', 'first_half', '08:00:00', '14:00:00', '2025-07-13 11:44:19', '2025-07-13 11:44:19'),
(2485, 123, '2025-04-28', 'custom', NULL, '18:35:37', '20:35:37', '2025-07-13 11:44:19', '2025-07-13 11:44:19'),
(2484, 9, '2024-11-11', 'custom', NULL, '01:24:56', '04:24:56', '2025-07-13 11:44:19', '2025-07-13 11:44:19'),
(2483, 29, '2025-06-01', 'full', NULL, '09:00:00', '18:00:00', '2025-07-13 11:44:19', '2025-07-13 11:44:19'),
(2482, 27, '2025-02-14', 'custom', NULL, '13:15:47', '14:15:47', '2025-07-13 11:44:19', '2025-07-13 11:44:19'),
(2481, 142, '2025-05-11', 'full', NULL, '09:00:00', '18:00:00', '2025-07-13 11:44:19', '2025-07-13 11:44:19'),
(2480, 157, '2024-12-14', 'half', 'first_half', '08:00:00', '14:00:00', '2025-07-13 11:44:19', '2025-07-13 11:44:19'),
(2479, 122, '2025-03-10', 'full', NULL, '09:00:00', '18:00:00', '2025-07-13 11:44:19', '2025-07-13 11:44:19'),
(2478, 62, '2024-09-02', 'half', 'second_half', '14:00:00', '18:00:00', '2025-07-13 11:44:19', '2025-07-13 11:44:19'),
(2477, 155, '2024-12-22', 'full', NULL, '09:00:00', '18:00:00', '2025-07-13 11:44:19', '2025-07-13 11:44:19'),
(2476, 75, '2025-04-08', 'half', 'second_half', '14:00:00', '18:00:00', '2025-07-13 11:44:19', '2025-07-13 11:44:19'),
(2475, 129, '2025-02-13', 'custom', NULL, '06:07:32', '07:07:32', '2025-07-13 11:44:19', '2025-07-13 11:44:19'),
(2474, 147, '2024-08-07', 'half', 'second_half', '14:00:00', '18:00:00', '2025-07-13 11:44:19', '2025-07-13 11:44:19'),
(2473, 41, '2025-06-15', 'half', 'second_half', '14:00:00', '18:00:00', '2025-07-13 11:44:19', '2025-07-13 11:44:19'),
(2472, 134, '2024-11-07', 'custom', NULL, '05:33:34', '06:33:34', '2025-07-13 11:44:19', '2025-07-13 11:44:19'),
(2471, 13, '2025-04-21', 'custom', NULL, '16:57:39', '17:57:39', '2025-07-13 11:44:19', '2025-07-13 11:44:19'),
(2470, 97, '2024-09-18', 'custom', NULL, '04:54:41', '05:54:41', '2025-07-13 11:44:19', '2025-07-13 11:44:19'),
(2469, 10, '2024-11-18', 'half', 'second_half', '14:00:00', '18:00:00', '2025-07-13 11:44:19', '2025-07-13 11:44:19'),
(2468, 85, '2024-11-13', 'custom', NULL, '04:40:06', '07:40:06', '2025-07-13 11:44:19', '2025-07-13 11:44:19'),
(2467, 82, '2025-01-07', 'half', 'first_half', '08:00:00', '14:00:00', '2025-07-13 11:44:19', '2025-07-13 11:44:19'),
(2466, 189, '2025-06-21', 'custom', NULL, '03:15:11', '04:15:11', '2025-07-13 11:44:19', '2025-07-13 11:44:19'),
(2465, 52, '2025-06-14', 'half', 'second_half', '14:00:00', '18:00:00', '2025-07-13 11:44:19', '2025-07-13 11:44:19'),
(2464, 102, '2024-07-21', 'full', NULL, '09:00:00', '18:00:00', '2025-07-13 11:44:19', '2025-07-13 11:44:19'),
(2463, 164, '2025-05-30', 'custom', NULL, '14:33:55', '15:33:55', '2025-07-13 11:44:19', '2025-07-13 11:44:19'),
(2462, 178, '2024-11-03', 'half', 'first_half', '08:00:00', '14:00:00', '2025-07-13 11:44:19', '2025-07-13 11:44:19'),
(2461, 126, '2024-11-27', 'half', 'second_half', '14:00:00', '18:00:00', '2025-07-13 11:44:19', '2025-07-13 11:44:19'),
(2460, 146, '2025-05-30', 'custom', NULL, '10:27:28', '11:27:28', '2025-07-13 11:44:19', '2025-07-13 11:44:19'),
(2459, 33, '2025-04-23', 'full', NULL, '09:00:00', '18:00:00', '2025-07-13 11:44:19', '2025-07-13 11:44:19'),
(2458, 122, '2024-07-17', 'half', 'first_half', '08:00:00', '14:00:00', '2025-07-13 11:44:19', '2025-07-13 11:44:19'),
(2457, 198, '2025-03-04', 'full', NULL, '09:00:00', '18:00:00', '2025-07-13 11:44:19', '2025-07-13 11:44:19'),
(2456, 106, '2024-09-08', 'half', 'second_half', '14:00:00', '18:00:00', '2025-07-13 11:44:19', '2025-07-13 11:44:19'),
(2455, 167, '2025-05-31', 'half', 'second_half', '14:00:00', '18:00:00', '2025-07-13 11:44:19', '2025-07-13 11:44:19'),
(2454, 53, '2025-05-05', 'half', 'first_half', '08:00:00', '14:00:00', '2025-07-13 11:44:19', '2025-07-13 11:44:19'),
(2453, 168, '2024-09-08', 'half', 'second_half', '14:00:00', '18:00:00', '2025-07-13 11:44:19', '2025-07-13 11:44:19'),
(2452, 169, '2024-07-22', 'full', NULL, '09:00:00', '18:00:00', '2025-07-13 11:44:19', '2025-07-13 11:44:19'),
(2451, 150, '2024-10-11', 'custom', NULL, '12:15:56', '13:15:56', '2025-07-13 11:44:19', '2025-07-13 11:44:19'),
(2450, 199, '2025-04-13', 'half', 'second_half', '14:00:00', '18:00:00', '2025-07-13 11:44:19', '2025-07-13 11:44:19'),
(2449, 108, '2024-08-10', 'half', 'first_half', '08:00:00', '14:00:00', '2025-07-13 11:44:19', '2025-07-13 11:44:19'),
(2448, 146, '2024-08-31', 'full', NULL, '09:00:00', '18:00:00', '2025-07-13 11:44:19', '2025-07-13 11:44:19'),
(2447, 110, '2025-01-06', 'full', NULL, '09:00:00', '18:00:00', '2025-07-13 11:44:19', '2025-07-13 11:44:19'),
(2446, 179, '2024-07-24', 'half', 'second_half', '14:00:00', '18:00:00', '2025-07-13 11:44:19', '2025-07-13 11:44:19'),
(2445, 90, '2024-11-06', 'half', 'first_half', '08:00:00', '14:00:00', '2025-07-13 11:44:19', '2025-07-13 11:44:19'),
(2444, 17, '2025-02-17', 'full', NULL, '09:00:00', '18:00:00', '2025-07-13 11:44:19', '2025-07-13 11:44:19'),
(2443, 10, '2024-11-30', 'full', NULL, '09:00:00', '18:00:00', '2025-07-13 11:44:19', '2025-07-13 11:44:19'),
(2442, 117, '2024-10-14', 'custom', NULL, '15:23:49', '18:23:49', '2025-07-13 11:44:19', '2025-07-13 11:44:19'),
(2441, 48, '2024-08-22', 'full', NULL, '09:00:00', '18:00:00', '2025-07-13 11:44:19', '2025-07-13 11:44:19'),
(2440, 120, '2024-07-29', 'half', 'second_half', '14:00:00', '18:00:00', '2025-07-13 11:44:19', '2025-07-13 11:44:19'),
(2439, 75, '2024-12-05', 'custom', NULL, '07:40:40', '08:40:40', '2025-07-13 11:44:19', '2025-07-13 11:44:19'),
(2438, 57, '2024-11-22', 'half', 'first_half', '08:00:00', '14:00:00', '2025-07-13 11:44:19', '2025-07-13 11:44:19'),
(2437, 175, '2024-07-30', 'custom', NULL, '16:43:45', '19:43:45', '2025-07-13 11:44:19', '2025-07-13 11:44:19'),
(2436, 105, '2024-11-18', 'full', NULL, '09:00:00', '18:00:00', '2025-07-13 11:44:19', '2025-07-13 11:44:19'),
(2435, 105, '2025-01-27', 'custom', NULL, '15:45:30', '17:45:30', '2025-07-13 11:44:19', '2025-07-13 11:44:19'),
(2434, 176, '2025-03-30', 'half', 'second_half', '14:00:00', '18:00:00', '2025-07-13 11:44:19', '2025-07-13 11:44:19'),
(2433, 42, '2024-12-22', 'half', 'second_half', '14:00:00', '18:00:00', '2025-07-13 11:44:19', '2025-07-13 11:44:19'),
(2432, 25, '2024-10-29', 'full', NULL, '09:00:00', '18:00:00', '2025-07-13 11:44:19', '2025-07-13 11:44:19'),
(2431, 86, '2024-09-20', 'half', 'second_half', '14:00:00', '18:00:00', '2025-07-13 11:44:19', '2025-07-13 11:44:19'),
(2430, 103, '2025-07-02', 'half', 'first_half', '08:00:00', '14:00:00', '2025-07-13 11:44:19', '2025-07-13 11:44:19'),
(2429, 14, '2025-04-27', 'custom', NULL, '21:06:54', '22:06:54', '2025-07-13 11:44:19', '2025-07-13 11:44:19'),
(2428, 138, '2024-09-11', 'custom', NULL, '12:47:25', '13:47:25', '2025-07-13 11:44:19', '2025-07-13 11:44:19'),
(2427, 159, '2025-04-17', 'full', NULL, '09:00:00', '18:00:00', '2025-07-13 11:44:19', '2025-07-13 11:44:19'),
(2426, 86, '2025-05-08', 'half', 'second_half', '14:00:00', '18:00:00', '2025-07-13 11:44:19', '2025-07-13 11:44:19'),
(2425, 123, '2025-01-13', 'full', NULL, '09:00:00', '18:00:00', '2025-07-13 11:44:19', '2025-07-13 11:44:19'),
(2424, 26, '2025-04-06', 'full', NULL, '09:00:00', '18:00:00', '2025-07-13 11:44:19', '2025-07-13 11:44:19'),
(2423, 55, '2025-05-23', 'half', 'first_half', '08:00:00', '14:00:00', '2025-07-13 11:44:19', '2025-07-13 11:44:19'),
(2422, 126, '2024-08-31', 'custom', NULL, '10:17:52', '13:17:52', '2025-07-13 11:44:19', '2025-07-13 11:44:19'),
(2421, 75, '2025-02-26', 'half', 'second_half', '14:00:00', '18:00:00', '2025-07-13 11:44:19', '2025-07-13 11:44:19'),
(2420, 74, '2024-07-23', 'half', 'first_half', '08:00:00', '14:00:00', '2025-07-13 11:44:19', '2025-07-13 11:44:19'),
(2419, 31, '2025-03-23', 'half', 'second_half', '14:00:00', '18:00:00', '2025-07-13 11:44:19', '2025-07-13 11:44:19'),
(2418, 106, '2025-05-23', 'custom', NULL, '21:43:46', '22:43:46', '2025-07-13 11:44:19', '2025-07-13 11:44:19'),
(2417, 11, '2024-11-07', 'half', 'second_half', '14:00:00', '18:00:00', '2025-07-13 11:44:19', '2025-07-13 11:44:19'),
(2416, 7, '2025-04-09', 'half', 'first_half', '08:00:00', '14:00:00', '2025-07-13 11:44:19', '2025-07-13 11:44:19'),
(2415, 186, '2024-12-08', 'custom', NULL, '09:14:52', '11:14:52', '2025-07-13 11:44:19', '2025-07-13 11:44:19'),
(2414, 166, '2025-06-07', 'full', NULL, '09:00:00', '18:00:00', '2025-07-13 11:44:19', '2025-07-13 11:44:19'),
(2413, 172, '2025-03-02', 'half', 'second_half', '14:00:00', '18:00:00', '2025-07-13 11:44:19', '2025-07-13 11:44:19'),
(2412, 11, '2024-08-07', 'full', NULL, '09:00:00', '18:00:00', '2025-07-13 11:44:19', '2025-07-13 11:44:19'),
(2411, 99, '2024-12-14', 'full', NULL, '09:00:00', '18:00:00', '2025-07-13 11:44:19', '2025-07-13 11:44:19'),
(2410, 51, '2025-06-12', 'half', 'second_half', '14:00:00', '18:00:00', '2025-07-13 11:44:19', '2025-07-13 11:44:19'),
(2409, 51, '2025-03-06', 'custom', NULL, '19:38:46', '22:38:46', '2025-07-13 11:44:19', '2025-07-13 11:44:19'),
(2408, 22, '2024-09-08', 'full', NULL, '09:00:00', '18:00:00', '2025-07-13 11:44:19', '2025-07-13 11:44:19'),
(2407, 46, '2025-04-12', 'half', 'second_half', '14:00:00', '18:00:00', '2025-07-13 11:44:19', '2025-07-13 11:44:19'),
(2406, 14, '2025-05-31', 'full', NULL, '09:00:00', '18:00:00', '2025-07-13 11:44:19', '2025-07-13 11:44:19'),
(2405, 46, '2024-08-10', 'custom', NULL, '06:25:17', '07:25:17', '2025-07-13 11:44:19', '2025-07-13 11:44:19'),
(2404, 76, '2024-07-28', 'custom', NULL, '19:57:39', '20:57:39', '2025-07-13 11:44:19', '2025-07-13 11:44:19'),
(2403, 138, '2025-06-13', 'full', NULL, '09:00:00', '18:00:00', '2025-07-13 11:44:19', '2025-07-13 11:44:19'),
(2402, 172, '2025-03-31', 'custom', NULL, '01:04:16', '02:04:16', '2025-07-13 11:44:19', '2025-07-13 11:44:19'),
(2401, 136, '2025-03-16', 'custom', NULL, '12:30:09', '13:30:09', '2025-07-13 11:44:19', '2025-07-13 11:44:19'),
(2400, 99, '2024-11-19', 'full', NULL, '09:00:00', '18:00:00', '2025-07-13 11:44:19', '2025-07-13 11:44:19'),
(2399, 102, '2024-12-19', 'half', 'second_half', '14:00:00', '18:00:00', '2025-07-13 11:44:19', '2025-07-13 11:44:19'),
(2398, 91, '2025-05-15', 'full', NULL, '09:00:00', '18:00:00', '2025-07-13 11:44:19', '2025-07-13 11:44:19'),
(2397, 80, '2025-04-30', 'half', 'first_half', '08:00:00', '14:00:00', '2025-07-13 11:44:19', '2025-07-13 11:44:19'),
(2396, 95, '2025-02-23', 'full', NULL, '09:00:00', '18:00:00', '2025-07-13 11:44:19', '2025-07-13 11:44:19'),
(2395, 44, '2025-02-01', 'custom', NULL, '05:26:17', '08:26:17', '2025-07-13 11:44:19', '2025-07-13 11:44:19'),
(2394, 108, '2025-04-30', 'custom', NULL, '17:11:52', '18:11:52', '2025-07-13 11:44:19', '2025-07-13 11:44:19'),
(2393, 126, '2025-03-04', 'half', 'second_half', '14:00:00', '18:00:00', '2025-07-13 11:44:19', '2025-07-13 11:44:19'),
(2392, 21, '2025-06-15', 'full', NULL, '09:00:00', '18:00:00', '2025-07-13 11:44:19', '2025-07-13 11:44:19'),
(2391, 145, '2025-06-18', 'half', 'first_half', '08:00:00', '14:00:00', '2025-07-13 11:44:19', '2025-07-13 11:44:19'),
(2390, 181, '2024-12-29', 'half', 'second_half', '14:00:00', '18:00:00', '2025-07-13 11:44:19', '2025-07-13 11:44:19'),
(2389, 152, '2024-12-03', 'half', 'second_half', '14:00:00', '18:00:00', '2025-07-13 11:44:19', '2025-07-13 11:44:19'),
(2388, 64, '2024-09-22', 'custom', NULL, '01:37:57', '03:37:57', '2025-07-13 11:44:19', '2025-07-13 11:44:19'),
(2387, 85, '2025-05-04', 'custom', NULL, '23:18:57', '01:18:57', '2025-07-13 11:44:19', '2025-07-13 11:44:19'),
(2386, 176, '2024-10-25', 'custom', NULL, '14:38:28', '16:38:28', '2025-07-13 11:44:19', '2025-07-13 11:44:19'),
(2385, 5, '2024-09-01', 'half', 'second_half', '14:00:00', '18:00:00', '2025-07-13 11:44:19', '2025-07-13 11:44:19'),
(2384, 10, '2025-06-09', 'half', 'first_half', '08:00:00', '14:00:00', '2025-07-13 11:44:19', '2025-07-13 11:44:19'),
(2383, 61, '2025-01-27', 'half', 'first_half', '08:00:00', '14:00:00', '2025-07-13 11:44:19', '2025-07-13 11:44:19'),
(2382, 11, '2024-08-07', 'custom', NULL, '12:06:12', '13:06:12', '2025-07-13 11:44:19', '2025-07-13 11:44:19'),
(2381, 180, '2025-02-18', 'full', NULL, '09:00:00', '18:00:00', '2025-07-13 11:44:19', '2025-07-13 11:44:19'),
(2380, 46, '2024-09-04', 'custom', NULL, '07:44:50', '08:44:50', '2025-07-13 11:44:19', '2025-07-13 11:44:19'),
(2379, 93, '2024-10-24', 'half', 'second_half', '14:00:00', '18:00:00', '2025-07-13 11:44:19', '2025-07-13 11:44:19'),
(2378, 31, '2024-10-29', 'custom', NULL, '00:08:25', '02:08:25', '2025-07-13 11:44:19', '2025-07-13 11:44:19'),
(2377, 54, '2024-09-18', 'full', NULL, '09:00:00', '18:00:00', '2025-07-13 11:44:19', '2025-07-13 11:44:19'),
(2376, 8, '2025-03-04', 'custom', NULL, '04:48:53', '07:48:53', '2025-07-13 11:44:19', '2025-07-13 11:44:19'),
(2375, 113, '2025-03-27', 'half', 'first_half', '08:00:00', '14:00:00', '2025-07-13 11:44:19', '2025-07-13 11:44:19'),
(2374, 42, '2024-11-14', 'custom', NULL, '01:54:15', '04:54:15', '2025-07-13 11:44:19', '2025-07-13 11:44:19'),
(2373, 17, '2024-07-15', 'half', 'second_half', '14:00:00', '18:00:00', '2025-07-13 11:44:19', '2025-07-13 11:44:19'),
(2372, 87, '2024-09-01', 'half', 'first_half', '08:00:00', '14:00:00', '2025-07-13 11:44:19', '2025-07-13 11:44:19'),
(2371, 46, '2025-04-30', 'custom', NULL, '23:23:59', '01:23:59', '2025-07-13 11:44:19', '2025-07-13 11:44:19'),
(2370, 108, '2025-01-21', 'half', 'first_half', '08:00:00', '14:00:00', '2025-07-13 11:44:19', '2025-07-13 11:44:19'),
(2369, 66, '2024-10-11', 'half', 'first_half', '08:00:00', '14:00:00', '2025-07-13 11:44:19', '2025-07-13 11:44:19'),
(2368, 13, '2024-09-22', 'custom', NULL, '00:59:58', '03:59:58', '2025-07-13 11:44:19', '2025-07-13 11:44:19'),
(2367, 154, '2025-02-09', 'custom', NULL, '08:29:11', '11:29:11', '2025-07-13 11:44:19', '2025-07-13 11:44:19'),
(2366, 95, '2025-06-24', 'half', 'second_half', '14:00:00', '18:00:00', '2025-07-13 11:44:19', '2025-07-13 11:44:19'),
(2365, 100, '2024-10-29', 'half', 'first_half', '08:00:00', '14:00:00', '2025-07-13 11:44:19', '2025-07-13 11:44:19'),
(2364, 140, '2024-10-18', 'full', NULL, '09:00:00', '18:00:00', '2025-07-13 11:44:19', '2025-07-13 11:44:19'),
(2363, 122, '2024-08-22', 'custom', NULL, '02:04:18', '05:04:18', '2025-07-13 11:44:19', '2025-07-13 11:44:19'),
(2362, 101, '2025-04-07', 'full', NULL, '09:00:00', '18:00:00', '2025-07-13 11:44:19', '2025-07-13 11:44:19'),
(2361, 174, '2025-05-26', 'half', 'second_half', '14:00:00', '18:00:00', '2025-07-13 11:44:19', '2025-07-13 11:44:19'),
(2360, 190, '2025-03-12', 'full', NULL, '09:00:00', '18:00:00', '2025-07-13 11:44:19', '2025-07-13 11:44:19'),
(2359, 186, '2025-07-02', 'half', 'first_half', '08:00:00', '14:00:00', '2025-07-13 11:44:19', '2025-07-13 11:44:19'),
(2358, 159, '2024-10-22', 'full', NULL, '09:00:00', '18:00:00', '2025-07-13 11:44:19', '2025-07-13 11:44:19'),
(2357, 85, '2025-05-29', 'custom', NULL, '20:40:58', '23:40:58', '2025-07-13 11:44:19', '2025-07-13 11:44:19'),
(2356, 15, '2024-11-14', 'full', NULL, '09:00:00', '18:00:00', '2025-07-13 11:44:19', '2025-07-13 11:44:19'),
(2355, 182, '2025-05-07', 'custom', NULL, '17:04:56', '18:04:56', '2025-07-13 11:44:19', '2025-07-13 11:44:19'),
(2354, 155, '2024-10-17', 'custom', NULL, '21:08:31', '22:08:31', '2025-07-13 11:44:19', '2025-07-13 11:44:19'),
(2353, 99, '2025-03-15', 'custom', NULL, '10:11:33', '11:11:33', '2025-07-13 11:44:19', '2025-07-13 11:44:19'),
(2352, 1, '2024-11-01', 'half', 'first_half', '08:00:00', '14:00:00', '2025-07-13 11:44:19', '2025-07-13 11:44:19'),
(2351, 158, '2024-09-10', 'full', NULL, '09:00:00', '18:00:00', '2025-07-13 11:44:19', '2025-07-13 11:44:19'),
(2350, 77, '2025-01-09', 'custom', NULL, '02:42:21', '05:42:21', '2025-07-13 11:44:19', '2025-07-13 11:44:19'),
(2349, 1, '2024-10-06', 'custom', NULL, '13:52:27', '16:52:27', '2025-07-13 11:44:19', '2025-07-13 11:44:19'),
(2348, 146, '2024-12-30', 'half', 'first_half', '08:00:00', '14:00:00', '2025-07-13 11:44:19', '2025-07-13 11:44:19'),
(2347, 166, '2025-01-08', 'half', 'first_half', '08:00:00', '14:00:00', '2025-07-13 11:44:19', '2025-07-13 11:44:19'),
(2346, 178, '2024-11-08', 'full', NULL, '09:00:00', '18:00:00', '2025-07-13 11:44:19', '2025-07-13 11:44:19'),
(2345, 54, '2024-12-02', 'half', 'first_half', '08:00:00', '14:00:00', '2025-07-13 11:44:19', '2025-07-13 11:44:19'),
(2344, 190, '2025-01-19', 'full', NULL, '09:00:00', '18:00:00', '2025-07-13 11:44:19', '2025-07-13 11:44:19'),
(2343, 16, '2025-05-12', 'half', 'second_half', '14:00:00', '18:00:00', '2025-07-13 11:44:19', '2025-07-13 11:44:19'),
(2342, 17, '2025-01-25', 'half', 'first_half', '08:00:00', '14:00:00', '2025-07-13 11:44:19', '2025-07-13 11:44:19'),
(2341, 20, '2025-05-25', 'half', 'second_half', '14:00:00', '18:00:00', '2025-07-13 11:44:19', '2025-07-13 11:44:19'),
(2340, 163, '2025-06-25', 'full', NULL, '09:00:00', '18:00:00', '2025-07-13 11:44:19', '2025-07-13 11:44:19'),
(2339, 177, '2024-10-10', 'full', NULL, '09:00:00', '18:00:00', '2025-07-13 11:44:19', '2025-07-13 11:44:19'),
(2338, 114, '2025-03-22', 'full', NULL, '09:00:00', '18:00:00', '2025-07-13 11:44:19', '2025-07-13 11:44:19'),
(2337, 121, '2024-07-29', 'custom', NULL, '21:35:21', '23:35:21', '2025-07-13 11:44:19', '2025-07-13 11:44:19'),
(2336, 95, '2024-09-30', 'full', NULL, '09:00:00', '18:00:00', '2025-07-13 11:44:19', '2025-07-13 11:44:19'),
(2335, 127, '2024-09-08', 'custom', NULL, '16:47:18', '19:47:18', '2025-07-13 11:44:19', '2025-07-13 11:44:19'),
(2334, 136, '2025-06-18', 'half', 'second_half', '14:00:00', '18:00:00', '2025-07-13 11:44:19', '2025-07-13 11:44:19'),
(2333, 35, '2024-08-16', 'half', 'first_half', '08:00:00', '14:00:00', '2025-07-13 11:44:19', '2025-07-13 11:44:19'),
(2332, 172, '2025-02-01', 'half', 'second_half', '14:00:00', '18:00:00', '2025-07-13 11:44:19', '2025-07-13 11:44:19'),
(2331, 73, '2025-03-06', 'full', NULL, '09:00:00', '18:00:00', '2025-07-13 11:44:19', '2025-07-13 11:44:19'),
(2330, 128, '2025-06-20', 'half', 'first_half', '08:00:00', '14:00:00', '2025-07-13 11:44:19', '2025-07-13 11:44:19'),
(2329, 194, '2025-05-08', 'custom', NULL, '17:51:08', '19:51:08', '2025-07-13 11:44:19', '2025-07-13 11:44:19'),
(2328, 163, '2024-09-16', 'half', 'second_half', '14:00:00', '18:00:00', '2025-07-13 11:44:19', '2025-07-13 11:44:19'),
(2327, 50, '2024-10-12', 'custom', NULL, '03:40:06', '04:40:06', '2025-07-13 11:44:19', '2025-07-13 11:44:19'),
(2326, 165, '2024-09-12', 'custom', NULL, '14:06:43', '15:06:43', '2025-07-13 11:44:19', '2025-07-13 11:44:19'),
(2325, 78, '2024-08-22', 'custom', NULL, '15:30:57', '16:30:57', '2025-07-13 11:44:19', '2025-07-13 11:44:19'),
(2324, 167, '2025-07-01', 'half', 'second_half', '14:00:00', '18:00:00', '2025-07-13 11:44:19', '2025-07-13 11:44:19'),
(2323, 171, '2025-04-01', 'half', 'second_half', '14:00:00', '18:00:00', '2025-07-13 11:44:19', '2025-07-13 11:44:19'),
(2322, 193, '2025-06-20', 'half', 'first_half', '08:00:00', '14:00:00', '2025-07-13 11:44:19', '2025-07-13 11:44:19'),
(2321, 44, '2024-12-20', 'half', 'first_half', '08:00:00', '14:00:00', '2025-07-13 11:44:19', '2025-07-13 11:44:19'),
(2320, 24, '2025-03-04', 'custom', NULL, '20:35:46', '21:35:46', '2025-07-13 11:44:19', '2025-07-13 11:44:19'),
(2319, 40, '2024-10-18', 'full', NULL, '09:00:00', '18:00:00', '2025-07-13 11:44:19', '2025-07-13 11:44:19'),
(2318, 19, '2025-06-30', 'half', 'second_half', '14:00:00', '18:00:00', '2025-07-13 11:44:19', '2025-07-13 11:44:19'),
(2317, 58, '2025-03-30', 'custom', NULL, '14:18:01', '17:18:01', '2025-07-13 11:44:19', '2025-07-13 11:44:19'),
(2316, 122, '2025-03-07', 'full', NULL, '09:00:00', '18:00:00', '2025-07-13 11:44:19', '2025-07-13 11:44:19'),
(2315, 73, '2025-06-16', 'full', NULL, '09:00:00', '18:00:00', '2025-07-13 11:44:19', '2025-07-13 11:44:19'),
(2314, 83, '2025-02-10', 'custom', NULL, '22:41:36', '00:41:36', '2025-07-13 11:44:19', '2025-07-13 11:44:19'),
(2313, 48, '2024-12-20', 'custom', NULL, '14:23:55', '16:23:55', '2025-07-13 11:44:19', '2025-07-13 11:44:19'),
(2312, 122, '2025-05-23', 'half', 'second_half', '14:00:00', '18:00:00', '2025-07-13 11:44:19', '2025-07-13 11:44:19'),
(2311, 37, '2025-06-13', 'custom', NULL, '18:43:16', '20:43:16', '2025-07-13 11:44:19', '2025-07-13 11:44:19'),
(2310, 110, '2025-03-25', 'custom', NULL, '02:15:58', '05:15:58', '2025-07-13 11:44:19', '2025-07-13 11:44:19'),
(2309, 165, '2024-10-10', 'full', NULL, '09:00:00', '18:00:00', '2025-07-13 11:44:19', '2025-07-13 11:44:19'),
(2308, 200, '2025-02-27', 'custom', NULL, '05:41:08', '06:41:08', '2025-07-13 11:44:19', '2025-07-13 11:44:19'),
(2307, 119, '2025-05-10', 'custom', NULL, '02:15:57', '05:15:57', '2025-07-13 11:44:19', '2025-07-13 11:44:19'),
(2306, 74, '2024-10-22', 'half', 'second_half', '14:00:00', '18:00:00', '2025-07-13 11:44:19', '2025-07-13 11:44:19'),
(2305, 166, '2025-06-29', 'full', NULL, '09:00:00', '18:00:00', '2025-07-13 11:44:19', '2025-07-13 11:44:19'),
(2304, 60, '2025-06-09', 'custom', NULL, '04:16:33', '07:16:33', '2025-07-13 11:44:19', '2025-07-13 11:44:19'),
(2303, 31, '2024-08-02', 'half', 'second_half', '14:00:00', '18:00:00', '2025-07-13 11:44:19', '2025-07-13 11:44:19'),
(2302, 41, '2024-12-08', 'full', NULL, '09:00:00', '18:00:00', '2025-07-13 11:44:19', '2025-07-13 11:44:19'),
(2301, 41, '2025-02-27', 'full', NULL, '09:00:00', '18:00:00', '2025-07-13 11:44:19', '2025-07-13 11:44:19'),
(2300, 32, '2025-03-06', 'full', NULL, '09:00:00', '18:00:00', '2025-07-13 11:44:19', '2025-07-13 11:44:19'),
(2299, 158, '2024-10-03', 'full', NULL, '09:00:00', '18:00:00', '2025-07-13 11:44:19', '2025-07-13 11:44:19'),
(2298, 188, '2024-10-07', 'half', 'first_half', '08:00:00', '14:00:00', '2025-07-13 11:44:19', '2025-07-13 11:44:19'),
(2297, 41, '2025-03-04', 'half', 'first_half', '08:00:00', '14:00:00', '2025-07-13 11:44:19', '2025-07-13 11:44:19'),
(2296, 11, '2025-02-23', 'half', 'second_half', '14:00:00', '18:00:00', '2025-07-13 11:44:19', '2025-07-13 11:44:19'),
(2295, 43, '2025-01-04', 'half', 'first_half', '08:00:00', '14:00:00', '2025-07-13 11:44:19', '2025-07-13 11:44:19'),
(2294, 94, '2024-09-28', 'full', NULL, '09:00:00', '18:00:00', '2025-07-13 11:44:19', '2025-07-13 11:44:19'),
(2293, 60, '2024-11-24', 'full', NULL, '09:00:00', '18:00:00', '2025-07-13 11:44:19', '2025-07-13 11:44:19'),
(2292, 7, '2025-03-27', 'full', NULL, '09:00:00', '18:00:00', '2025-07-13 11:44:19', '2025-07-13 11:44:19'),
(2291, 2, '2025-03-31', 'full', NULL, '09:00:00', '18:00:00', '2025-07-13 11:44:19', '2025-07-13 11:44:19'),
(2290, 109, '2024-07-19', 'custom', NULL, '10:21:31', '13:21:31', '2025-07-13 11:44:19', '2025-07-13 11:44:19'),
(2289, 12, '2025-01-22', 'half', 'first_half', '08:00:00', '14:00:00', '2025-07-13 11:44:19', '2025-07-13 11:44:19'),
(2288, 8, '2025-06-25', 'full', NULL, '09:00:00', '18:00:00', '2025-07-13 11:44:19', '2025-07-13 11:44:19'),
(2287, 182, '2024-10-10', 'custom', NULL, '19:23:57', '21:23:57', '2025-07-13 11:44:19', '2025-07-13 11:44:19'),
(2286, 36, '2024-12-05', 'full', NULL, '09:00:00', '18:00:00', '2025-07-13 11:44:19', '2025-07-13 11:44:19'),
(2285, 166, '2025-06-24', 'half', 'first_half', '08:00:00', '14:00:00', '2025-07-13 11:44:19', '2025-07-13 11:44:19'),
(2284, 136, '2025-06-20', 'custom', NULL, '01:45:51', '04:45:51', '2025-07-13 11:44:19', '2025-07-13 11:44:19'),
(2283, 174, '2025-04-30', 'custom', NULL, '13:43:49', '14:43:49', '2025-07-13 11:44:19', '2025-07-13 11:44:19'),
(2282, 144, '2025-06-27', 'half', 'second_half', '14:00:00', '18:00:00', '2025-07-13 11:44:19', '2025-07-13 11:44:19'),
(2281, 122, '2024-12-01', 'custom', NULL, '14:39:27', '17:39:27', '2025-07-13 11:44:19', '2025-07-13 11:44:19'),
(2280, 162, '2024-08-07', 'custom', NULL, '04:03:34', '06:03:34', '2025-07-13 11:44:19', '2025-07-13 11:44:19'),
(2279, 108, '2024-10-28', 'custom', NULL, '17:01:50', '18:01:50', '2025-07-13 11:44:19', '2025-07-13 11:44:19'),
(2278, 172, '2024-11-29', 'half', 'second_half', '14:00:00', '18:00:00', '2025-07-13 11:44:19', '2025-07-13 11:44:19'),
(2277, 176, '2025-07-13', 'custom', NULL, '02:55:15', '04:55:15', '2025-07-13 11:44:19', '2025-07-13 11:44:19'),
(2276, 189, '2025-03-03', 'full', NULL, '09:00:00', '18:00:00', '2025-07-13 11:44:19', '2025-07-13 11:44:19'),
(2275, 186, '2025-01-03', 'full', NULL, '09:00:00', '18:00:00', '2025-07-13 11:44:19', '2025-07-13 11:44:19'),
(2274, 144, '2024-10-03', 'half', 'second_half', '14:00:00', '18:00:00', '2025-07-13 11:44:19', '2025-07-13 11:44:19'),
(2273, 198, '2024-09-05', 'full', NULL, '09:00:00', '18:00:00', '2025-07-13 11:44:19', '2025-07-13 11:44:19'),
(2272, 14, '2025-05-30', 'custom', NULL, '22:02:42', '01:02:42', '2025-07-13 11:44:19', '2025-07-13 11:44:19'),
(2271, 43, '2025-02-18', 'half', 'second_half', '14:00:00', '18:00:00', '2025-07-13 11:44:19', '2025-07-13 11:44:19'),
(2270, 50, '2025-04-17', 'half', 'second_half', '14:00:00', '18:00:00', '2025-07-13 11:44:19', '2025-07-13 11:44:19'),
(2269, 118, '2024-11-10', 'custom', NULL, '12:01:59', '14:01:59', '2025-07-13 11:44:19', '2025-07-13 11:44:19'),
(2268, 189, '2024-10-21', 'custom', NULL, '01:44:34', '02:44:34', '2025-07-13 11:44:19', '2025-07-13 11:44:19'),
(2267, 79, '2024-09-06', 'custom', NULL, '08:29:40', '09:29:40', '2025-07-13 11:44:19', '2025-07-13 11:44:19'),
(2266, 131, '2025-05-23', 'half', 'second_half', '14:00:00', '18:00:00', '2025-07-13 11:44:19', '2025-07-13 11:44:19'),
(2265, 156, '2024-10-14', 'full', NULL, '09:00:00', '18:00:00', '2025-07-13 11:44:19', '2025-07-13 11:44:19'),
(2264, 92, '2025-06-22', 'custom', NULL, '03:22:25', '06:22:25', '2025-07-13 11:44:19', '2025-07-13 11:44:19'),
(2263, 108, '2024-12-11', 'half', 'first_half', '08:00:00', '14:00:00', '2025-07-13 11:44:19', '2025-07-13 11:44:19'),
(2262, 129, '2025-01-16', 'half', 'first_half', '08:00:00', '14:00:00', '2025-07-13 11:44:19', '2025-07-13 11:44:19'),
(2261, 93, '2024-11-10', 'custom', NULL, '22:16:19', '01:16:19', '2025-07-13 11:44:19', '2025-07-13 11:44:19'),
(2260, 135, '2024-12-13', 'custom', NULL, '08:47:03', '09:47:03', '2025-07-13 11:44:19', '2025-07-13 11:44:19'),
(2259, 80, '2024-08-13', 'custom', NULL, '10:59:39', '13:59:39', '2025-07-13 11:44:19', '2025-07-13 11:44:19'),
(2258, 183, '2025-03-22', 'half', 'first_half', '08:00:00', '14:00:00', '2025-07-13 11:44:19', '2025-07-13 11:44:19'),
(2257, 40, '2025-04-03', 'custom', NULL, '03:49:49', '04:49:49', '2025-07-13 11:44:19', '2025-07-13 11:44:19'),
(2256, 126, '2025-04-04', 'custom', NULL, '20:19:18', '21:19:18', '2025-07-13 11:44:19', '2025-07-13 11:44:19'),
(2255, 35, '2024-09-05', 'half', 'first_half', '08:00:00', '14:00:00', '2025-07-13 11:44:19', '2025-07-13 11:44:19'),
(2254, 50, '2024-08-21', 'half', 'second_half', '14:00:00', '18:00:00', '2025-07-13 11:44:19', '2025-07-13 11:44:19'),
(2253, 166, '2025-04-18', 'full', NULL, '09:00:00', '18:00:00', '2025-07-13 11:44:19', '2025-07-13 11:44:19'),
(2252, 65, '2025-03-19', 'custom', NULL, '01:35:06', '04:35:06', '2025-07-13 11:44:19', '2025-07-13 11:44:19'),
(2251, 105, '2025-05-10', 'half', 'first_half', '08:00:00', '14:00:00', '2025-07-13 11:44:19', '2025-07-13 11:44:19'),
(2250, 40, '2025-04-12', 'custom', NULL, '15:31:16', '18:31:16', '2025-07-13 11:44:19', '2025-07-13 11:44:19'),
(2249, 27, '2024-12-28', 'half', 'second_half', '14:00:00', '18:00:00', '2025-07-13 11:44:19', '2025-07-13 11:44:19'),
(2248, 162, '2024-09-17', 'custom', NULL, '18:32:32', '21:32:32', '2025-07-13 11:44:19', '2025-07-13 11:44:19'),
(2247, 162, '2024-10-13', 'full', NULL, '09:00:00', '18:00:00', '2025-07-13 11:44:19', '2025-07-13 11:44:19'),
(2246, 69, '2024-07-29', 'half', 'first_half', '08:00:00', '14:00:00', '2025-07-13 11:44:19', '2025-07-13 11:44:19'),
(2245, 78, '2025-01-26', 'full', NULL, '09:00:00', '18:00:00', '2025-07-13 11:44:19', '2025-07-13 11:44:19'),
(2244, 192, '2024-12-18', 'full', NULL, '09:00:00', '18:00:00', '2025-07-13 11:44:19', '2025-07-13 11:44:19'),
(2243, 33, '2025-03-20', 'half', 'second_half', '14:00:00', '18:00:00', '2025-07-13 11:44:19', '2025-07-13 11:44:19'),
(2242, 86, '2024-11-22', 'custom', NULL, '16:44:44', '17:44:44', '2025-07-13 11:44:19', '2025-07-13 11:44:19'),
(2241, 78, '2024-11-20', 'custom', NULL, '07:08:19', '09:08:19', '2025-07-13 11:44:19', '2025-07-13 11:44:19'),
(2240, 173, '2025-07-09', 'half', 'second_half', '14:00:00', '18:00:00', '2025-07-13 11:44:19', '2025-07-13 11:44:19'),
(2239, 8, '2024-10-14', 'custom', NULL, '05:07:41', '06:07:41', '2025-07-13 11:44:19', '2025-07-13 11:44:19'),
(2238, 16, '2024-11-15', 'full', NULL, '09:00:00', '18:00:00', '2025-07-13 11:44:19', '2025-07-13 11:44:19'),
(2237, 124, '2025-06-21', 'custom', NULL, '12:55:18', '13:55:18', '2025-07-13 11:44:19', '2025-07-13 11:44:19'),
(2236, 128, '2024-11-29', 'custom', NULL, '06:14:40', '09:14:40', '2025-07-13 11:44:19', '2025-07-13 11:44:19'),
(2235, 61, '2024-10-15', 'half', 'second_half', '14:00:00', '18:00:00', '2025-07-13 11:44:19', '2025-07-13 11:44:19'),
(2234, 69, '2025-04-20', 'custom', NULL, '21:04:19', '00:04:19', '2025-07-13 11:44:19', '2025-07-13 11:44:19'),
(2233, 80, '2025-02-23', 'full', NULL, '09:00:00', '18:00:00', '2025-07-13 11:44:19', '2025-07-13 11:44:19'),
(2232, 190, '2024-08-14', 'full', NULL, '09:00:00', '18:00:00', '2025-07-13 11:44:19', '2025-07-13 11:44:19'),
(2231, 120, '2025-03-25', 'full', NULL, '09:00:00', '18:00:00', '2025-07-13 11:44:19', '2025-07-13 11:44:19'),
(2230, 80, '2025-06-15', 'custom', NULL, '19:46:08', '20:46:08', '2025-07-13 11:44:19', '2025-07-13 11:44:19'),
(2229, 123, '2025-01-09', 'custom', NULL, '05:08:25', '07:08:25', '2025-07-13 11:44:19', '2025-07-13 11:44:19'),
(2228, 99, '2025-02-06', 'half', 'second_half', '14:00:00', '18:00:00', '2025-07-13 11:44:19', '2025-07-13 11:44:19'),
(2227, 83, '2025-04-20', 'full', NULL, '09:00:00', '18:00:00', '2025-07-13 11:44:19', '2025-07-13 11:44:19'),
(2226, 193, '2025-04-02', 'custom', NULL, '19:43:49', '20:43:49', '2025-07-13 11:44:19', '2025-07-13 11:44:19'),
(2225, 47, '2024-07-20', 'full', NULL, '09:00:00', '18:00:00', '2025-07-13 11:44:19', '2025-07-13 11:44:19'),
(2224, 39, '2025-05-01', 'full', NULL, '09:00:00', '18:00:00', '2025-07-13 11:44:19', '2025-07-13 11:44:19'),
(2223, 129, '2024-07-14', 'custom', NULL, '18:07:10', '21:07:10', '2025-07-13 11:44:19', '2025-07-13 11:44:19'),
(2222, 17, '2024-08-30', 'half', 'second_half', '14:00:00', '18:00:00', '2025-07-13 11:44:19', '2025-07-13 11:44:19'),
(2221, 157, '2024-11-28', 'custom', NULL, '01:16:53', '03:16:53', '2025-07-13 11:44:19', '2025-07-13 11:44:19'),
(2220, 14, '2025-06-26', 'full', NULL, '09:00:00', '18:00:00', '2025-07-13 11:44:19', '2025-07-13 11:44:19'),
(2219, 93, '2025-07-09', 'half', 'first_half', '08:00:00', '14:00:00', '2025-07-13 11:44:19', '2025-07-13 11:44:19'),
(2218, 73, '2025-03-14', 'custom', NULL, '13:33:44', '16:33:44', '2025-07-13 11:44:19', '2025-07-13 11:44:19'),
(2217, 3, '2025-02-21', 'half', 'first_half', '08:00:00', '14:00:00', '2025-07-13 11:44:19', '2025-07-13 11:44:19'),
(2216, 15, '2024-10-19', 'half', 'first_half', '08:00:00', '14:00:00', '2025-07-13 11:44:19', '2025-07-13 11:44:19'),
(2215, 2, '2025-05-30', 'custom', NULL, '21:44:41', '00:44:41', '2025-07-13 11:44:19', '2025-07-13 11:44:19'),
(2214, 189, '2024-10-20', 'half', 'first_half', '08:00:00', '14:00:00', '2025-07-13 11:44:19', '2025-07-13 11:44:19'),
(2213, 131, '2025-06-12', 'custom', NULL, '00:33:52', '03:33:52', '2025-07-13 11:44:19', '2025-07-13 11:44:19'),
(2212, 124, '2024-10-27', 'half', 'second_half', '14:00:00', '18:00:00', '2025-07-13 11:44:19', '2025-07-13 11:44:19'),
(2211, 186, '2025-03-31', 'half', 'first_half', '08:00:00', '14:00:00', '2025-07-13 11:44:19', '2025-07-13 11:44:19'),
(2210, 97, '2025-01-01', 'full', NULL, '09:00:00', '18:00:00', '2025-07-13 11:44:19', '2025-07-13 11:44:19'),
(2209, 169, '2024-11-16', 'custom', NULL, '06:04:12', '08:04:12', '2025-07-13 11:44:19', '2025-07-13 11:44:19'),
(2208, 12, '2025-03-25', 'full', NULL, '09:00:00', '18:00:00', '2025-07-13 11:44:19', '2025-07-13 11:44:19'),
(2207, 122, '2024-08-23', 'half', 'first_half', '08:00:00', '14:00:00', '2025-07-13 11:44:19', '2025-07-13 11:44:19'),
(2206, 154, '2025-01-17', 'custom', NULL, '04:55:05', '06:55:05', '2025-07-13 11:44:19', '2025-07-13 11:44:19'),
(2205, 121, '2024-10-24', 'custom', NULL, '11:01:31', '13:01:31', '2025-07-13 11:44:19', '2025-07-13 11:44:19'),
(2204, 10, '2025-02-11', 'half', 'first_half', '08:00:00', '14:00:00', '2025-07-13 11:44:19', '2025-07-13 11:44:19'),
(2203, 167, '2024-08-19', 'half', 'second_half', '14:00:00', '18:00:00', '2025-07-13 11:44:19', '2025-07-13 11:44:19'),
(2202, 139, '2025-02-10', 'custom', NULL, '09:16:59', '10:16:59', '2025-07-13 11:44:19', '2025-07-13 11:44:19'),
(2201, 194, '2025-01-20', 'custom', NULL, '13:31:27', '15:31:27', '2025-07-13 11:44:19', '2025-07-13 11:44:19'),
(2200, 45, '2025-01-09', 'custom', NULL, '00:28:40', '03:28:40', '2025-07-13 11:44:19', '2025-07-13 11:44:19'),
(2199, 187, '2024-09-27', 'half', 'first_half', '08:00:00', '14:00:00', '2025-07-13 11:44:19', '2025-07-13 11:44:19'),
(2198, 156, '2024-08-18', 'half', 'first_half', '08:00:00', '14:00:00', '2025-07-13 11:44:19', '2025-07-13 11:44:19'),
(2197, 133, '2024-09-02', 'custom', NULL, '02:18:30', '05:18:30', '2025-07-13 11:44:19', '2025-07-13 11:44:19'),
(2196, 148, '2024-09-09', 'half', 'second_half', '14:00:00', '18:00:00', '2025-07-13 11:44:19', '2025-07-13 11:44:19'),
(2195, 184, '2025-02-16', 'full', NULL, '09:00:00', '18:00:00', '2025-07-13 11:44:19', '2025-07-13 11:44:19'),
(2194, 104, '2025-01-20', 'half', 'first_half', '08:00:00', '14:00:00', '2025-07-13 11:44:19', '2025-07-13 11:44:19'),
(2193, 49, '2025-06-10', 'half', 'second_half', '14:00:00', '18:00:00', '2025-07-13 11:44:19', '2025-07-13 11:44:19'),
(2192, 124, '2025-06-26', 'half', 'first_half', '08:00:00', '14:00:00', '2025-07-13 11:44:19', '2025-07-13 11:44:19'),
(2191, 194, '2024-09-01', 'full', NULL, '09:00:00', '18:00:00', '2025-07-13 11:44:19', '2025-07-13 11:44:19'),
(2190, 189, '2024-08-07', 'full', NULL, '09:00:00', '18:00:00', '2025-07-13 11:44:19', '2025-07-13 11:44:19'),
(2189, 55, '2025-06-12', 'full', NULL, '09:00:00', '18:00:00', '2025-07-13 11:44:19', '2025-07-13 11:44:19'),
(2188, 168, '2025-04-13', 'half', 'first_half', '08:00:00', '14:00:00', '2025-07-13 11:44:19', '2025-07-13 11:44:19'),
(2187, 84, '2024-08-23', 'custom', NULL, '02:29:38', '04:29:38', '2025-07-13 11:44:19', '2025-07-13 11:44:19'),
(2186, 36, '2025-01-08', 'custom', NULL, '22:59:00', '01:59:00', '2025-07-13 11:44:19', '2025-07-13 11:44:19'),
(2185, 66, '2024-10-20', 'half', 'second_half', '14:00:00', '18:00:00', '2025-07-13 11:44:19', '2025-07-13 11:44:19'),
(2184, 200, '2024-08-26', 'custom', NULL, '10:38:21', '11:38:21', '2025-07-13 11:44:19', '2025-07-13 11:44:19'),
(2183, 26, '2025-03-14', 'custom', NULL, '04:07:07', '07:07:07', '2025-07-13 11:44:19', '2025-07-13 11:44:19'),
(2182, 36, '2024-08-30', 'custom', NULL, '23:42:39', '00:42:39', '2025-07-13 11:44:19', '2025-07-13 11:44:19'),
(2181, 12, '2025-05-07', 'custom', NULL, '23:41:04', '01:41:04', '2025-07-13 11:44:19', '2025-07-13 11:44:19'),
(2180, 24, '2025-06-19', 'custom', NULL, '21:11:25', '00:11:25', '2025-07-13 11:44:19', '2025-07-13 11:44:19'),
(2179, 164, '2024-10-01', 'full', NULL, '09:00:00', '18:00:00', '2025-07-13 11:44:19', '2025-07-13 11:44:19'),
(2178, 74, '2025-01-22', 'half', 'first_half', '08:00:00', '14:00:00', '2025-07-13 11:44:19', '2025-07-13 11:44:19'),
(2177, 60, '2025-02-05', 'custom', NULL, '14:52:34', '16:52:34', '2025-07-13 11:44:19', '2025-07-13 11:44:19'),
(2176, 54, '2024-11-17', 'half', 'first_half', '08:00:00', '14:00:00', '2025-07-13 11:44:19', '2025-07-13 11:44:19'),
(2175, 114, '2024-10-23', 'custom', NULL, '01:11:20', '02:11:20', '2025-07-13 11:44:19', '2025-07-13 11:44:19'),
(2174, 15, '2024-08-05', 'half', 'second_half', '14:00:00', '18:00:00', '2025-07-13 11:44:19', '2025-07-13 11:44:19'),
(2173, 78, '2024-12-23', 'full', NULL, '09:00:00', '18:00:00', '2025-07-13 11:44:19', '2025-07-13 11:44:19'),
(2172, 155, '2025-05-17', 'custom', NULL, '22:52:49', '23:52:49', '2025-07-13 11:44:19', '2025-07-13 11:44:19'),
(2171, 160, '2025-03-01', 'custom', NULL, '22:36:22', '01:36:22', '2025-07-13 11:44:19', '2025-07-13 11:44:19'),
(2170, 98, '2025-02-15', 'custom', NULL, '05:59:39', '08:59:39', '2025-07-13 11:44:19', '2025-07-13 11:44:19'),
(2169, 70, '2024-07-17', 'half', 'second_half', '14:00:00', '18:00:00', '2025-07-13 11:44:19', '2025-07-13 11:44:19'),
(2168, 67, '2025-02-04', 'half', 'second_half', '14:00:00', '18:00:00', '2025-07-13 11:44:19', '2025-07-13 11:44:19'),
(2167, 56, '2025-05-06', 'half', 'second_half', '14:00:00', '18:00:00', '2025-07-13 11:44:19', '2025-07-13 11:44:19'),
(2166, 82, '2024-08-03', 'full', NULL, '09:00:00', '18:00:00', '2025-07-13 11:44:19', '2025-07-13 11:44:19'),
(2165, 191, '2024-11-10', 'full', NULL, '09:00:00', '18:00:00', '2025-07-13 11:44:19', '2025-07-13 11:44:19'),
(2164, 47, '2024-12-10', 'custom', NULL, '18:29:16', '19:29:16', '2025-07-13 11:44:19', '2025-07-13 11:44:19'),
(2163, 197, '2024-07-22', 'custom', NULL, '03:20:37', '04:20:37', '2025-07-13 11:44:19', '2025-07-13 11:44:19'),
(2162, 63, '2024-12-25', 'full', NULL, '09:00:00', '18:00:00', '2025-07-13 11:44:19', '2025-07-13 11:44:19'),
(2161, 171, '2025-03-04', 'full', NULL, '09:00:00', '18:00:00', '2025-07-13 11:44:19', '2025-07-13 11:44:19'),
(2160, 123, '2025-04-16', 'custom', NULL, '08:40:58', '11:40:58', '2025-07-13 11:44:19', '2025-07-13 11:44:19'),
(2159, 28, '2025-04-06', 'custom', NULL, '10:15:30', '11:15:30', '2025-07-13 11:44:19', '2025-07-13 11:44:19'),
(2158, 34, '2024-12-23', 'full', NULL, '09:00:00', '18:00:00', '2025-07-13 11:44:19', '2025-07-13 11:44:19'),
(2157, 155, '2024-11-10', 'full', NULL, '09:00:00', '18:00:00', '2025-07-13 11:44:19', '2025-07-13 11:44:19'),
(2156, 194, '2025-06-12', 'half', 'first_half', '08:00:00', '14:00:00', '2025-07-13 11:44:19', '2025-07-13 11:44:19'),
(2155, 85, '2024-12-16', 'full', NULL, '09:00:00', '18:00:00', '2025-07-13 11:44:19', '2025-07-13 11:44:19'),
(2154, 189, '2024-12-20', 'full', NULL, '09:00:00', '18:00:00', '2025-07-13 11:44:19', '2025-07-13 11:44:19'),
(2153, 134, '2024-11-19', 'half', 'second_half', '14:00:00', '18:00:00', '2025-07-13 11:44:19', '2025-07-13 11:44:19'),
(2152, 151, '2024-12-07', 'half', 'second_half', '14:00:00', '18:00:00', '2025-07-13 11:44:19', '2025-07-13 11:44:19'),
(2151, 28, '2024-10-24', 'half', 'second_half', '14:00:00', '18:00:00', '2025-07-13 11:44:19', '2025-07-13 11:44:19'),
(2150, 192, '2025-03-04', 'full', NULL, '09:00:00', '18:00:00', '2025-07-13 11:44:19', '2025-07-13 11:44:19'),
(2149, 177, '2025-02-13', 'custom', NULL, '20:52:11', '23:52:11', '2025-07-13 11:44:19', '2025-07-13 11:44:19'),
(2148, 10, '2025-01-11', 'custom', NULL, '10:03:40', '13:03:40', '2025-07-13 11:44:19', '2025-07-13 11:44:19'),
(2147, 124, '2024-07-29', 'full', NULL, '09:00:00', '18:00:00', '2025-07-13 11:44:19', '2025-07-13 11:44:19'),
(2146, 75, '2025-04-08', 'custom', NULL, '04:51:38', '06:51:38', '2025-07-13 11:44:19', '2025-07-13 11:44:19'),
(2145, 136, '2024-12-11', 'half', 'second_half', '14:00:00', '18:00:00', '2025-07-13 11:44:19', '2025-07-13 11:44:19'),
(2144, 26, '2024-10-06', 'custom', NULL, '10:47:51', '11:47:51', '2025-07-13 11:44:19', '2025-07-13 11:44:19'),
(2143, 88, '2025-06-27', 'custom', NULL, '13:55:35', '14:55:35', '2025-07-13 11:44:19', '2025-07-13 11:44:19'),
(2142, 152, '2024-10-04', 'half', 'first_half', '08:00:00', '14:00:00', '2025-07-13 11:44:19', '2025-07-13 11:44:19'),
(2141, 47, '2024-12-18', 'half', 'second_half', '14:00:00', '18:00:00', '2025-07-13 11:44:19', '2025-07-13 11:44:19'),
(2140, 74, '2024-08-08', 'custom', NULL, '02:51:14', '03:51:14', '2025-07-13 11:44:19', '2025-07-13 11:44:19'),
(2139, 20, '2025-02-13', 'half', 'first_half', '08:00:00', '14:00:00', '2025-07-13 11:44:19', '2025-07-13 11:44:19'),
(2138, 16, '2025-03-03', 'custom', NULL, '03:15:34', '06:15:34', '2025-07-13 11:44:19', '2025-07-13 11:44:19'),
(2137, 188, '2025-04-20', 'full', NULL, '09:00:00', '18:00:00', '2025-07-13 11:44:19', '2025-07-13 11:44:19'),
(2136, 97, '2024-10-21', 'custom', NULL, '03:33:04', '05:33:04', '2025-07-13 11:44:19', '2025-07-13 11:44:19'),
(2135, 186, '2024-10-03', 'half', 'second_half', '14:00:00', '18:00:00', '2025-07-13 11:44:19', '2025-07-13 11:44:19'),
(2134, 130, '2025-04-07', 'full', NULL, '09:00:00', '18:00:00', '2025-07-13 11:44:19', '2025-07-13 11:44:19'),
(2133, 10, '2025-03-30', 'custom', NULL, '20:39:05', '23:39:05', '2025-07-13 11:44:19', '2025-07-13 11:44:19'),
(2132, 82, '2025-04-24', 'full', NULL, '09:00:00', '18:00:00', '2025-07-13 11:44:19', '2025-07-13 11:44:19'),
(2131, 62, '2024-09-16', 'half', 'first_half', '08:00:00', '14:00:00', '2025-07-13 11:44:19', '2025-07-13 11:44:19'),
(2130, 108, '2024-10-02', 'half', 'first_half', '08:00:00', '14:00:00', '2025-07-13 11:44:19', '2025-07-13 11:44:19'),
(2129, 35, '2024-10-23', 'full', NULL, '09:00:00', '18:00:00', '2025-07-13 11:44:19', '2025-07-13 11:44:19'),
(2128, 123, '2025-05-23', 'custom', NULL, '18:54:20', '19:54:20', '2025-07-13 11:44:19', '2025-07-13 11:44:19'),
(2127, 7, '2024-10-31', 'full', NULL, '09:00:00', '18:00:00', '2025-07-13 11:44:19', '2025-07-13 11:44:19'),
(2126, 178, '2025-04-29', 'half', 'first_half', '08:00:00', '14:00:00', '2025-07-13 11:44:19', '2025-07-13 11:44:19'),
(2125, 53, '2025-03-17', 'custom', NULL, '01:42:55', '04:42:55', '2025-07-13 11:44:19', '2025-07-13 11:44:19'),
(2124, 145, '2025-06-22', 'half', 'second_half', '14:00:00', '18:00:00', '2025-07-13 11:44:19', '2025-07-13 11:44:19'),
(2123, 65, '2025-01-18', 'full', NULL, '09:00:00', '18:00:00', '2025-07-13 11:44:19', '2025-07-13 11:44:19'),
(2122, 67, '2025-06-13', 'custom', NULL, '15:53:10', '18:53:10', '2025-07-13 11:44:19', '2025-07-13 11:44:19'),
(2121, 180, '2024-09-22', 'full', NULL, '09:00:00', '18:00:00', '2025-07-13 11:44:19', '2025-07-13 11:44:19'),
(2120, 199, '2025-07-08', 'custom', NULL, '12:31:04', '15:31:04', '2025-07-13 11:44:19', '2025-07-13 11:44:19'),
(2119, 94, '2025-02-22', 'full', NULL, '09:00:00', '18:00:00', '2025-07-13 11:44:19', '2025-07-13 11:44:19'),
(2118, 82, '2025-05-23', 'full', NULL, '09:00:00', '18:00:00', '2025-07-13 11:44:19', '2025-07-13 11:44:19'),
(2117, 149, '2025-02-18', 'custom', NULL, '15:36:28', '17:36:28', '2025-07-13 11:44:19', '2025-07-13 11:44:19'),
(2116, 165, '2025-06-11', 'half', 'first_half', '08:00:00', '14:00:00', '2025-07-13 11:44:19', '2025-07-13 11:44:19'),
(2115, 43, '2024-08-09', 'custom', NULL, '08:03:48', '11:03:48', '2025-07-13 11:44:19', '2025-07-13 11:44:19'),
(2114, 192, '2024-12-18', 'custom', NULL, '03:27:18', '04:27:18', '2025-07-13 11:44:19', '2025-07-13 11:44:19'),
(2113, 193, '2025-06-17', 'half', 'first_half', '08:00:00', '14:00:00', '2025-07-13 11:44:19', '2025-07-13 11:44:19'),
(2112, 4, '2025-02-25', 'full', NULL, '09:00:00', '18:00:00', '2025-07-13 11:44:19', '2025-07-13 11:44:19'),
(2111, 106, '2024-07-19', 'full', NULL, '09:00:00', '18:00:00', '2025-07-13 11:44:19', '2025-07-13 11:44:19'),
(2110, 112, '2025-02-03', 'full', NULL, '09:00:00', '18:00:00', '2025-07-13 11:44:19', '2025-07-13 11:44:19'),
(2109, 192, '2024-11-02', 'custom', NULL, '19:21:01', '22:21:01', '2025-07-13 11:44:19', '2025-07-13 11:44:19'),
(2108, 76, '2025-05-06', 'half', 'second_half', '14:00:00', '18:00:00', '2025-07-13 11:44:19', '2025-07-13 11:44:19'),
(2107, 125, '2024-12-24', 'full', NULL, '09:00:00', '18:00:00', '2025-07-13 11:44:19', '2025-07-13 11:44:19'),
(2106, 140, '2024-12-10', 'full', NULL, '09:00:00', '18:00:00', '2025-07-13 11:44:19', '2025-07-13 11:44:19'),
(2105, 125, '2025-03-12', 'full', NULL, '09:00:00', '18:00:00', '2025-07-13 11:44:19', '2025-07-13 11:44:19'),
(2104, 43, '2024-07-22', 'half', 'second_half', '14:00:00', '18:00:00', '2025-07-13 11:44:19', '2025-07-13 11:44:19'),
(2103, 129, '2025-03-17', 'custom', NULL, '09:41:58', '10:41:58', '2025-07-13 11:44:19', '2025-07-13 11:44:19'),
(2102, 129, '2024-09-04', 'full', NULL, '09:00:00', '18:00:00', '2025-07-13 11:44:19', '2025-07-13 11:44:19'),
(2101, 151, '2025-04-03', 'custom', NULL, '06:53:56', '07:53:56', '2025-07-13 11:44:19', '2025-07-13 11:44:19'),
(2100, 178, '2025-04-30', 'custom', NULL, '02:52:26', '03:52:26', '2025-07-13 11:44:19', '2025-07-13 11:44:19'),
(2099, 182, '2025-05-06', 'full', NULL, '09:00:00', '18:00:00', '2025-07-13 11:44:19', '2025-07-13 11:44:19'),
(2098, 97, '2024-12-19', 'half', 'first_half', '08:00:00', '14:00:00', '2025-07-13 11:44:19', '2025-07-13 11:44:19'),
(2097, 149, '2024-08-28', 'custom', NULL, '13:28:08', '14:28:08', '2025-07-13 11:44:19', '2025-07-13 11:44:19'),
(2096, 145, '2024-09-27', 'half', 'first_half', '08:00:00', '14:00:00', '2025-07-13 11:44:19', '2025-07-13 11:44:19'),
(2095, 181, '2025-05-08', 'half', 'first_half', '08:00:00', '14:00:00', '2025-07-13 11:44:19', '2025-07-13 11:44:19'),
(2094, 118, '2025-04-13', 'custom', NULL, '00:49:25', '01:49:25', '2025-07-13 11:44:19', '2025-07-13 11:44:19'),
(2093, 151, '2025-05-12', 'half', 'first_half', '08:00:00', '14:00:00', '2025-07-13 11:44:19', '2025-07-13 11:44:19'),
(2092, 15, '2024-11-20', 'full', NULL, '09:00:00', '18:00:00', '2025-07-13 11:44:19', '2025-07-13 11:44:19'),
(2091, 36, '2024-08-08', 'full', NULL, '09:00:00', '18:00:00', '2025-07-13 11:44:19', '2025-07-13 11:44:19'),
(2090, 69, '2024-08-29', 'half', 'second_half', '14:00:00', '18:00:00', '2025-07-13 11:44:19', '2025-07-13 11:44:19'),
(2089, 78, '2024-10-30', 'half', 'first_half', '08:00:00', '14:00:00', '2025-07-13 11:44:19', '2025-07-13 11:44:19'),
(2088, 104, '2024-12-12', 'full', NULL, '09:00:00', '18:00:00', '2025-07-13 11:44:19', '2025-07-13 11:44:19'),
(2087, 157, '2024-12-27', 'full', NULL, '09:00:00', '18:00:00', '2025-07-13 11:44:19', '2025-07-13 11:44:19'),
(2086, 21, '2024-10-07', 'full', NULL, '09:00:00', '18:00:00', '2025-07-13 11:44:19', '2025-07-13 11:44:19'),
(2085, 171, '2025-05-03', 'full', NULL, '09:00:00', '18:00:00', '2025-07-13 11:44:19', '2025-07-13 11:44:19'),
(2084, 143, '2024-09-17', 'full', NULL, '09:00:00', '18:00:00', '2025-07-13 11:44:19', '2025-07-13 11:44:19'),
(2083, 139, '2025-06-25', 'half', 'first_half', '08:00:00', '14:00:00', '2025-07-13 11:44:19', '2025-07-13 11:44:19'),
(2082, 60, '2025-07-11', 'half', 'second_half', '14:00:00', '18:00:00', '2025-07-13 11:44:19', '2025-07-13 11:44:19'),
(2081, 150, '2024-09-09', 'custom', NULL, '01:45:13', '03:45:13', '2025-07-13 11:44:19', '2025-07-13 11:44:19');
INSERT INTO `bookings` (`id`, `user_id`, `booking_date`, `booking_type`, `half_day_type`, `start_time`, `end_time`, `created_at`, `updated_at`) VALUES
(2080, 7, '2025-01-09', 'custom', NULL, '17:44:48', '18:44:48', '2025-07-13 11:44:19', '2025-07-13 11:44:19'),
(2079, 121, '2024-12-18', 'full', NULL, '09:00:00', '18:00:00', '2025-07-13 11:44:19', '2025-07-13 11:44:19'),
(2078, 127, '2025-01-07', 'full', NULL, '09:00:00', '18:00:00', '2025-07-13 11:44:19', '2025-07-13 11:44:19'),
(2077, 80, '2024-11-20', 'custom', NULL, '22:39:16', '00:39:16', '2025-07-13 11:44:19', '2025-07-13 11:44:19'),
(2076, 2, '2025-05-22', 'full', NULL, '09:00:00', '18:00:00', '2025-07-13 11:44:19', '2025-07-13 11:44:19'),
(2075, 6, '2024-07-29', 'full', NULL, '09:00:00', '18:00:00', '2025-07-13 11:44:19', '2025-07-13 11:44:19'),
(2074, 63, '2024-10-27', 'custom', NULL, '22:17:10', '00:17:10', '2025-07-13 11:44:19', '2025-07-13 11:44:19'),
(2073, 185, '2025-03-22', 'full', NULL, '09:00:00', '18:00:00', '2025-07-13 11:44:19', '2025-07-13 11:44:19'),
(2072, 83, '2024-08-30', 'full', NULL, '09:00:00', '18:00:00', '2025-07-13 11:44:19', '2025-07-13 11:44:19'),
(2071, 129, '2025-04-10', 'half', 'first_half', '08:00:00', '14:00:00', '2025-07-13 11:44:19', '2025-07-13 11:44:19'),
(2070, 32, '2025-06-10', 'full', NULL, '09:00:00', '18:00:00', '2025-07-13 11:44:19', '2025-07-13 11:44:19'),
(2069, 124, '2025-02-25', 'full', NULL, '09:00:00', '18:00:00', '2025-07-13 11:44:19', '2025-07-13 11:44:19'),
(2068, 191, '2025-06-30', 'full', NULL, '09:00:00', '18:00:00', '2025-07-13 11:44:19', '2025-07-13 11:44:19'),
(2067, 36, '2025-01-04', 'custom', NULL, '06:58:31', '07:58:31', '2025-07-13 11:44:19', '2025-07-13 11:44:19'),
(2066, 84, '2024-12-12', 'full', NULL, '09:00:00', '18:00:00', '2025-07-13 11:44:19', '2025-07-13 11:44:19'),
(2065, 146, '2024-08-24', 'full', NULL, '09:00:00', '18:00:00', '2025-07-13 11:44:19', '2025-07-13 11:44:19'),
(2064, 188, '2025-01-31', 'half', 'first_half', '08:00:00', '14:00:00', '2025-07-13 11:44:19', '2025-07-13 11:44:19'),
(2063, 106, '2024-07-24', 'full', NULL, '09:00:00', '18:00:00', '2025-07-13 11:44:19', '2025-07-13 11:44:19'),
(2062, 134, '2024-11-20', 'custom', NULL, '12:02:52', '15:02:52', '2025-07-13 11:44:19', '2025-07-13 11:44:19'),
(2061, 118, '2025-01-27', 'custom', NULL, '22:24:37', '23:24:37', '2025-07-13 11:44:19', '2025-07-13 11:44:19'),
(2060, 76, '2024-11-01', 'full', NULL, '09:00:00', '18:00:00', '2025-07-13 11:44:19', '2025-07-13 11:44:19'),
(2059, 91, '2024-08-01', 'custom', NULL, '05:13:00', '06:13:00', '2025-07-13 11:44:19', '2025-07-13 11:44:19'),
(2058, 71, '2025-01-11', 'half', 'second_half', '14:00:00', '18:00:00', '2025-07-13 11:44:19', '2025-07-13 11:44:19'),
(2057, 189, '2025-05-06', 'custom', NULL, '11:08:37', '14:08:37', '2025-07-13 11:44:19', '2025-07-13 11:44:19'),
(2056, 190, '2025-02-06', 'full', NULL, '09:00:00', '18:00:00', '2025-07-13 11:44:19', '2025-07-13 11:44:19'),
(2055, 186, '2024-09-24', 'half', 'first_half', '08:00:00', '14:00:00', '2025-07-13 11:44:19', '2025-07-13 11:44:19'),
(2054, 102, '2024-09-29', 'half', 'first_half', '08:00:00', '14:00:00', '2025-07-13 11:44:19', '2025-07-13 11:44:19'),
(2053, 84, '2025-01-23', 'custom', NULL, '20:29:36', '23:29:36', '2025-07-13 11:44:19', '2025-07-13 11:44:19'),
(2052, 133, '2025-03-21', 'half', 'first_half', '08:00:00', '14:00:00', '2025-07-13 11:44:19', '2025-07-13 11:44:19'),
(2051, 98, '2024-10-01', 'full', NULL, '09:00:00', '18:00:00', '2025-07-13 11:44:19', '2025-07-13 11:44:19'),
(2050, 31, '2024-08-27', 'custom', NULL, '07:42:40', '08:42:40', '2025-07-13 11:44:19', '2025-07-13 11:44:19'),
(2049, 28, '2025-03-26', 'custom', NULL, '12:41:47', '15:41:47', '2025-07-13 11:44:19', '2025-07-13 11:44:19'),
(2048, 40, '2024-09-08', 'full', NULL, '09:00:00', '18:00:00', '2025-07-13 11:44:19', '2025-07-13 11:44:19'),
(2047, 44, '2025-01-21', 'half', 'second_half', '14:00:00', '18:00:00', '2025-07-13 11:44:19', '2025-07-13 11:44:19'),
(2046, 35, '2025-01-11', 'half', 'second_half', '14:00:00', '18:00:00', '2025-07-13 11:44:19', '2025-07-13 11:44:19'),
(2045, 162, '2024-09-20', 'custom', NULL, '19:57:23', '20:57:23', '2025-07-13 11:44:19', '2025-07-13 11:44:19'),
(2044, 144, '2024-09-03', 'half', 'second_half', '14:00:00', '18:00:00', '2025-07-13 11:44:19', '2025-07-13 11:44:19'),
(2043, 194, '2025-02-14', 'custom', NULL, '13:18:29', '16:18:29', '2025-07-13 11:44:19', '2025-07-13 11:44:19'),
(2042, 12, '2025-02-26', 'half', 'second_half', '14:00:00', '18:00:00', '2025-07-13 11:44:19', '2025-07-13 11:44:19'),
(2041, 59, '2025-06-29', 'half', 'second_half', '14:00:00', '18:00:00', '2025-07-13 11:44:19', '2025-07-13 11:44:19'),
(2040, 3, '2024-12-03', 'full', NULL, '09:00:00', '18:00:00', '2025-07-13 11:44:19', '2025-07-13 11:44:19'),
(2039, 39, '2024-08-14', 'custom', NULL, '09:09:35', '11:09:35', '2025-07-13 11:44:19', '2025-07-13 11:44:19'),
(2038, 17, '2024-10-11', 'full', NULL, '09:00:00', '18:00:00', '2025-07-13 11:44:19', '2025-07-13 11:44:19'),
(2037, 99, '2024-11-13', 'half', 'first_half', '08:00:00', '14:00:00', '2025-07-13 11:44:19', '2025-07-13 11:44:19'),
(2036, 143, '2025-07-05', 'full', NULL, '09:00:00', '18:00:00', '2025-07-13 11:44:19', '2025-07-13 11:44:19'),
(2035, 188, '2024-08-02', 'custom', NULL, '15:52:46', '16:52:46', '2025-07-13 11:44:19', '2025-07-13 11:44:19'),
(2034, 54, '2025-06-20', 'half', 'second_half', '14:00:00', '18:00:00', '2025-07-13 11:44:19', '2025-07-13 11:44:19'),
(2033, 159, '2024-12-31', 'full', NULL, '09:00:00', '18:00:00', '2025-07-13 11:44:19', '2025-07-13 11:44:19'),
(2032, 85, '2025-02-01', 'half', 'first_half', '08:00:00', '14:00:00', '2025-07-13 11:44:19', '2025-07-13 11:44:19'),
(2031, 81, '2024-12-11', 'custom', NULL, '19:28:04', '22:28:04', '2025-07-13 11:44:19', '2025-07-13 11:44:19'),
(2030, 58, '2024-08-10', 'half', 'first_half', '08:00:00', '14:00:00', '2025-07-13 11:44:19', '2025-07-13 11:44:19'),
(2029, 60, '2025-02-18', 'full', NULL, '09:00:00', '18:00:00', '2025-07-13 11:44:19', '2025-07-13 11:44:19'),
(2028, 20, '2025-06-29', 'half', 'second_half', '14:00:00', '18:00:00', '2025-07-13 11:44:18', '2025-07-13 11:44:18'),
(2027, 114, '2024-11-16', 'custom', NULL, '21:18:15', '23:18:15', '2025-07-13 11:44:18', '2025-07-13 11:44:18'),
(2026, 7, '2024-10-05', 'half', 'first_half', '08:00:00', '14:00:00', '2025-07-13 11:44:18', '2025-07-13 11:44:18'),
(2025, 94, '2024-08-20', 'custom', NULL, '07:38:31', '09:38:31', '2025-07-13 11:44:18', '2025-07-13 11:44:18'),
(2024, 163, '2025-05-31', 'half', 'second_half', '14:00:00', '18:00:00', '2025-07-13 11:44:18', '2025-07-13 11:44:18'),
(2023, 147, '2024-12-12', 'full', NULL, '09:00:00', '18:00:00', '2025-07-13 11:44:18', '2025-07-13 11:44:18'),
(2022, 136, '2024-12-31', 'full', NULL, '09:00:00', '18:00:00', '2025-07-13 11:44:18', '2025-07-13 11:44:18'),
(2021, 78, '2025-05-30', 'custom', NULL, '05:40:49', '07:40:49', '2025-07-13 11:44:18', '2025-07-13 11:44:18'),
(2020, 195, '2025-05-21', 'full', NULL, '09:00:00', '18:00:00', '2025-07-13 11:44:18', '2025-07-13 11:44:18'),
(2019, 52, '2024-08-23', 'custom', NULL, '07:55:54', '08:55:54', '2025-07-13 11:44:18', '2025-07-13 11:44:18'),
(2018, 47, '2025-02-04', 'full', NULL, '09:00:00', '18:00:00', '2025-07-13 11:44:18', '2025-07-13 11:44:18'),
(2017, 30, '2025-03-30', 'full', NULL, '09:00:00', '18:00:00', '2025-07-13 11:44:18', '2025-07-13 11:44:18'),
(2016, 85, '2025-02-05', 'full', NULL, '09:00:00', '18:00:00', '2025-07-13 11:44:18', '2025-07-13 11:44:18'),
(2015, 59, '2024-10-05', 'full', NULL, '09:00:00', '18:00:00', '2025-07-13 11:44:18', '2025-07-13 11:44:18'),
(2014, 66, '2025-06-26', 'half', 'second_half', '14:00:00', '18:00:00', '2025-07-13 11:44:18', '2025-07-13 11:44:18'),
(1013, 105, '2024-07-26', 'full', NULL, '09:00:00', '18:00:00', '2025-07-13 11:38:38', '2025-07-13 11:38:38'),
(520, 197, '2025-12-22', 'half', 'first_half', NULL, NULL, '2025-07-13 11:17:02', '2025-07-13 11:17:02'),
(3005, 68, '2024-08-01', 'full', NULL, '09:00:00', '18:00:00', '2025-07-13 11:44:20', '2025-07-13 11:44:20'),
(3004, 113, '2024-09-15', 'half', 'first_half', '08:00:00', '14:00:00', '2025-07-13 11:44:20', '2025-07-13 11:44:20'),
(3003, 59, '2025-02-03', 'half', 'first_half', '08:00:00', '14:00:00', '2025-07-13 11:44:20', '2025-07-13 11:44:20'),
(3002, 99, '2025-01-10', 'full', NULL, '09:00:00', '18:00:00', '2025-07-13 11:44:20', '2025-07-13 11:44:20'),
(3001, 65, '2025-01-20', 'half', 'second_half', '14:00:00', '18:00:00', '2025-07-13 11:44:20', '2025-07-13 11:44:20'),
(3000, 199, '2025-07-12', 'half', 'first_half', '08:00:00', '14:00:00', '2025-07-13 11:44:20', '2025-07-13 11:44:20'),
(2999, 60, '2025-04-06', 'full', NULL, '09:00:00', '18:00:00', '2025-07-13 11:44:20', '2025-07-13 11:44:20'),
(2998, 6, '2024-08-02', 'full', NULL, '09:00:00', '18:00:00', '2025-07-13 11:44:20', '2025-07-13 11:44:20'),
(2997, 16, '2025-01-03', 'custom', NULL, '14:20:31', '15:20:31', '2025-07-13 11:44:20', '2025-07-13 11:44:20'),
(2996, 135, '2024-07-30', 'full', NULL, '09:00:00', '18:00:00', '2025-07-13 11:44:20', '2025-07-13 11:44:20'),
(2995, 29, '2025-03-26', 'half', 'first_half', '08:00:00', '14:00:00', '2025-07-13 11:44:20', '2025-07-13 11:44:20'),
(2994, 153, '2025-03-22', 'half', 'first_half', '08:00:00', '14:00:00', '2025-07-13 11:44:20', '2025-07-13 11:44:20'),
(2993, 197, '2024-09-22', 'custom', NULL, '14:16:24', '16:16:24', '2025-07-13 11:44:20', '2025-07-13 11:44:20'),
(2992, 71, '2025-01-08', 'custom', NULL, '18:03:39', '20:03:39', '2025-07-13 11:44:20', '2025-07-13 11:44:20'),
(2991, 27, '2024-12-15', 'full', NULL, '09:00:00', '18:00:00', '2025-07-13 11:44:20', '2025-07-13 11:44:20'),
(2990, 56, '2025-03-01', 'full', NULL, '09:00:00', '18:00:00', '2025-07-13 11:44:20', '2025-07-13 11:44:20'),
(2989, 10, '2025-06-22', 'full', NULL, '09:00:00', '18:00:00', '2025-07-13 11:44:20', '2025-07-13 11:44:20'),
(2988, 41, '2024-09-26', 'half', 'first_half', '08:00:00', '14:00:00', '2025-07-13 11:44:20', '2025-07-13 11:44:20'),
(2987, 106, '2025-04-16', 'full', NULL, '09:00:00', '18:00:00', '2025-07-13 11:44:20', '2025-07-13 11:44:20'),
(2986, 63, '2025-04-03', 'full', NULL, '09:00:00', '18:00:00', '2025-07-13 11:44:20', '2025-07-13 11:44:20'),
(2985, 73, '2025-01-29', 'full', NULL, '09:00:00', '18:00:00', '2025-07-13 11:44:20', '2025-07-13 11:44:20'),
(2984, 79, '2024-09-25', 'half', 'first_half', '08:00:00', '14:00:00', '2025-07-13 11:44:20', '2025-07-13 11:44:20'),
(2983, 37, '2024-09-10', 'half', 'first_half', '08:00:00', '14:00:00', '2025-07-13 11:44:20', '2025-07-13 11:44:20'),
(2982, 12, '2025-04-04', 'custom', NULL, '14:23:32', '17:23:32', '2025-07-13 11:44:20', '2025-07-13 11:44:20'),
(2981, 162, '2025-01-16', 'full', NULL, '09:00:00', '18:00:00', '2025-07-13 11:44:20', '2025-07-13 11:44:20'),
(2980, 175, '2024-08-17', 'custom', NULL, '00:30:23', '03:30:23', '2025-07-13 11:44:20', '2025-07-13 11:44:20'),
(2979, 195, '2025-05-31', 'half', 'second_half', '14:00:00', '18:00:00', '2025-07-13 11:44:20', '2025-07-13 11:44:20'),
(2978, 179, '2024-07-30', 'full', NULL, '09:00:00', '18:00:00', '2025-07-13 11:44:20', '2025-07-13 11:44:20'),
(2977, 116, '2024-11-17', 'half', 'second_half', '14:00:00', '18:00:00', '2025-07-13 11:44:20', '2025-07-13 11:44:20'),
(2976, 13, '2025-04-09', 'custom', NULL, '14:48:27', '15:48:27', '2025-07-13 11:44:20', '2025-07-13 11:44:20'),
(2975, 43, '2024-11-26', 'custom', NULL, '08:36:18', '09:36:18', '2025-07-13 11:44:20', '2025-07-13 11:44:20'),
(2974, 104, '2025-06-11', 'half', 'first_half', '08:00:00', '14:00:00', '2025-07-13 11:44:20', '2025-07-13 11:44:20'),
(2973, 117, '2024-12-26', 'custom', NULL, '08:25:45', '09:25:45', '2025-07-13 11:44:20', '2025-07-13 11:44:20'),
(2972, 129, '2024-08-20', 'half', 'first_half', '08:00:00', '14:00:00', '2025-07-13 11:44:20', '2025-07-13 11:44:20'),
(2971, 81, '2024-10-03', 'full', NULL, '09:00:00', '18:00:00', '2025-07-13 11:44:20', '2025-07-13 11:44:20'),
(2970, 94, '2025-01-24', 'half', 'second_half', '14:00:00', '18:00:00', '2025-07-13 11:44:20', '2025-07-13 11:44:20'),
(2969, 186, '2025-01-24', 'half', 'first_half', '08:00:00', '14:00:00', '2025-07-13 11:44:20', '2025-07-13 11:44:20'),
(2968, 12, '2025-03-01', 'custom', NULL, '15:07:51', '16:07:51', '2025-07-13 11:44:20', '2025-07-13 11:44:20'),
(2967, 71, '2024-07-18', 'full', NULL, '09:00:00', '18:00:00', '2025-07-13 11:44:20', '2025-07-13 11:44:20'),
(2966, 109, '2024-10-20', 'custom', NULL, '06:24:09', '09:24:09', '2025-07-13 11:44:20', '2025-07-13 11:44:20'),
(2965, 113, '2024-11-18', 'custom', NULL, '17:15:02', '18:15:02', '2025-07-13 11:44:20', '2025-07-13 11:44:20'),
(2964, 169, '2025-04-07', 'half', 'second_half', '14:00:00', '18:00:00', '2025-07-13 11:44:20', '2025-07-13 11:44:20'),
(2963, 112, '2025-04-14', 'half', 'first_half', '08:00:00', '14:00:00', '2025-07-13 11:44:20', '2025-07-13 11:44:20'),
(2962, 164, '2025-02-03', 'half', 'second_half', '14:00:00', '18:00:00', '2025-07-13 11:44:20', '2025-07-13 11:44:20'),
(2961, 116, '2024-12-03', 'custom', NULL, '00:46:19', '03:46:19', '2025-07-13 11:44:20', '2025-07-13 11:44:20'),
(2960, 197, '2025-06-26', 'half', 'first_half', '08:00:00', '14:00:00', '2025-07-13 11:44:20', '2025-07-13 11:44:20'),
(2959, 117, '2025-05-27', 'custom', NULL, '17:42:07', '20:42:07', '2025-07-13 11:44:20', '2025-07-13 11:44:20'),
(2958, 129, '2025-01-07', 'full', NULL, '09:00:00', '18:00:00', '2025-07-13 11:44:20', '2025-07-13 11:44:20'),
(2957, 161, '2024-12-04', 'custom', NULL, '18:43:23', '19:43:23', '2025-07-13 11:44:20', '2025-07-13 11:44:20'),
(2956, 175, '2024-07-19', 'half', 'second_half', '14:00:00', '18:00:00', '2025-07-13 11:44:20', '2025-07-13 11:44:20'),
(2955, 158, '2024-08-08', 'half', 'second_half', '14:00:00', '18:00:00', '2025-07-13 11:44:20', '2025-07-13 11:44:20'),
(2954, 190, '2025-07-01', 'full', NULL, '09:00:00', '18:00:00', '2025-07-13 11:44:20', '2025-07-13 11:44:20'),
(2953, 57, '2024-12-21', 'half', 'first_half', '08:00:00', '14:00:00', '2025-07-13 11:44:20', '2025-07-13 11:44:20'),
(2952, 19, '2025-04-04', 'half', 'second_half', '14:00:00', '18:00:00', '2025-07-13 11:44:20', '2025-07-13 11:44:20'),
(2951, 43, '2025-03-08', 'full', NULL, '09:00:00', '18:00:00', '2025-07-13 11:44:20', '2025-07-13 11:44:20'),
(2950, 143, '2024-11-18', 'custom', NULL, '03:59:19', '05:59:19', '2025-07-13 11:44:20', '2025-07-13 11:44:20'),
(2949, 185, '2024-12-16', 'custom', NULL, '23:17:23', '02:17:23', '2025-07-13 11:44:20', '2025-07-13 11:44:20'),
(2948, 37, '2025-06-20', 'half', 'first_half', '08:00:00', '14:00:00', '2025-07-13 11:44:20', '2025-07-13 11:44:20'),
(2947, 197, '2024-11-03', 'full', NULL, '09:00:00', '18:00:00', '2025-07-13 11:44:20', '2025-07-13 11:44:20'),
(2946, 38, '2025-02-28', 'half', 'first_half', '08:00:00', '14:00:00', '2025-07-13 11:44:20', '2025-07-13 11:44:20'),
(2945, 42, '2024-08-17', 'half', 'first_half', '08:00:00', '14:00:00', '2025-07-13 11:44:20', '2025-07-13 11:44:20'),
(2944, 56, '2025-01-18', 'full', NULL, '09:00:00', '18:00:00', '2025-07-13 11:44:20', '2025-07-13 11:44:20'),
(2943, 149, '2025-02-23', 'full', NULL, '09:00:00', '18:00:00', '2025-07-13 11:44:20', '2025-07-13 11:44:20'),
(2942, 199, '2024-10-30', 'half', 'first_half', '08:00:00', '14:00:00', '2025-07-13 11:44:20', '2025-07-13 11:44:20'),
(2941, 164, '2025-01-20', 'custom', NULL, '21:00:15', '22:00:15', '2025-07-13 11:44:20', '2025-07-13 11:44:20'),
(2940, 114, '2025-05-06', 'full', NULL, '09:00:00', '18:00:00', '2025-07-13 11:44:20', '2025-07-13 11:44:20'),
(2939, 94, '2024-12-14', 'full', NULL, '09:00:00', '18:00:00', '2025-07-13 11:44:20', '2025-07-13 11:44:20'),
(2938, 3, '2025-02-12', 'half', 'second_half', '14:00:00', '18:00:00', '2025-07-13 11:44:20', '2025-07-13 11:44:20'),
(2937, 30, '2025-05-27', 'full', NULL, '09:00:00', '18:00:00', '2025-07-13 11:44:20', '2025-07-13 11:44:20'),
(2936, 187, '2024-12-10', 'half', 'first_half', '08:00:00', '14:00:00', '2025-07-13 11:44:20', '2025-07-13 11:44:20'),
(2935, 29, '2025-04-28', 'custom', NULL, '13:30:30', '16:30:30', '2025-07-13 11:44:20', '2025-07-13 11:44:20'),
(2934, 54, '2025-02-03', 'custom', NULL, '18:54:03', '20:54:03', '2025-07-13 11:44:20', '2025-07-13 11:44:20'),
(2933, 13, '2025-01-03', 'custom', NULL, '18:59:07', '20:59:07', '2025-07-13 11:44:20', '2025-07-13 11:44:20'),
(2932, 96, '2025-01-09', 'full', NULL, '09:00:00', '18:00:00', '2025-07-13 11:44:20', '2025-07-13 11:44:20'),
(2931, 24, '2024-12-18', 'half', 'second_half', '14:00:00', '18:00:00', '2025-07-13 11:44:20', '2025-07-13 11:44:20'),
(2930, 112, '2025-05-11', 'full', NULL, '09:00:00', '18:00:00', '2025-07-13 11:44:20', '2025-07-13 11:44:20'),
(2929, 58, '2025-05-05', 'custom', NULL, '19:06:01', '22:06:01', '2025-07-13 11:44:20', '2025-07-13 11:44:20'),
(2928, 15, '2024-09-10', 'custom', NULL, '06:52:16', '07:52:16', '2025-07-13 11:44:20', '2025-07-13 11:44:20'),
(2927, 192, '2025-05-12', 'full', NULL, '09:00:00', '18:00:00', '2025-07-13 11:44:20', '2025-07-13 11:44:20'),
(2926, 90, '2025-05-12', 'full', NULL, '09:00:00', '18:00:00', '2025-07-13 11:44:20', '2025-07-13 11:44:20'),
(2925, 164, '2025-03-21', 'custom', NULL, '04:36:27', '06:36:27', '2025-07-13 11:44:20', '2025-07-13 11:44:20'),
(2924, 120, '2024-10-26', 'half', 'second_half', '14:00:00', '18:00:00', '2025-07-13 11:44:20', '2025-07-13 11:44:20'),
(2923, 39, '2025-05-20', 'full', NULL, '09:00:00', '18:00:00', '2025-07-13 11:44:20', '2025-07-13 11:44:20'),
(2922, 10, '2024-11-03', 'full', NULL, '09:00:00', '18:00:00', '2025-07-13 11:44:20', '2025-07-13 11:44:20'),
(2921, 41, '2025-05-03', 'half', 'second_half', '14:00:00', '18:00:00', '2025-07-13 11:44:20', '2025-07-13 11:44:20'),
(2920, 90, '2024-11-30', 'half', 'first_half', '08:00:00', '14:00:00', '2025-07-13 11:44:20', '2025-07-13 11:44:20'),
(2919, 22, '2025-04-06', 'custom', NULL, '20:01:22', '21:01:22', '2025-07-13 11:44:20', '2025-07-13 11:44:20'),
(2918, 50, '2025-03-10', 'custom', NULL, '15:30:52', '17:30:52', '2025-07-13 11:44:20', '2025-07-13 11:44:20'),
(2917, 136, '2025-06-21', 'half', 'first_half', '08:00:00', '14:00:00', '2025-07-13 11:44:20', '2025-07-13 11:44:20'),
(2916, 185, '2024-12-22', 'full', NULL, '09:00:00', '18:00:00', '2025-07-13 11:44:20', '2025-07-13 11:44:20'),
(2915, 163, '2024-10-26', 'full', NULL, '09:00:00', '18:00:00', '2025-07-13 11:44:20', '2025-07-13 11:44:20'),
(2914, 115, '2025-05-03', 'full', NULL, '09:00:00', '18:00:00', '2025-07-13 11:44:20', '2025-07-13 11:44:20'),
(2913, 141, '2025-06-17', 'full', NULL, '09:00:00', '18:00:00', '2025-07-13 11:44:20', '2025-07-13 11:44:20'),
(2912, 162, '2024-11-26', 'custom', NULL, '20:46:39', '21:46:39', '2025-07-13 11:44:20', '2025-07-13 11:44:20'),
(2911, 14, '2025-04-30', 'full', NULL, '09:00:00', '18:00:00', '2025-07-13 11:44:20', '2025-07-13 11:44:20'),
(2910, 121, '2025-04-06', 'half', 'second_half', '14:00:00', '18:00:00', '2025-07-13 11:44:20', '2025-07-13 11:44:20'),
(2909, 161, '2024-08-02', 'custom', NULL, '10:40:45', '12:40:45', '2025-07-13 11:44:20', '2025-07-13 11:44:20'),
(2908, 72, '2025-06-06', 'half', 'first_half', '08:00:00', '14:00:00', '2025-07-13 11:44:20', '2025-07-13 11:44:20'),
(2907, 5, '2025-06-12', 'full', NULL, '09:00:00', '18:00:00', '2025-07-13 11:44:20', '2025-07-13 11:44:20'),
(2906, 44, '2025-01-23', 'custom', NULL, '21:01:44', '23:01:44', '2025-07-13 11:44:20', '2025-07-13 11:44:20'),
(2905, 5, '2025-01-30', 'full', NULL, '09:00:00', '18:00:00', '2025-07-13 11:44:20', '2025-07-13 11:44:20'),
(2904, 47, '2025-04-10', 'full', NULL, '09:00:00', '18:00:00', '2025-07-13 11:44:20', '2025-07-13 11:44:20'),
(2903, 128, '2024-08-07', 'custom', NULL, '21:54:12', '00:54:12', '2025-07-13 11:44:20', '2025-07-13 11:44:20'),
(2902, 107, '2024-07-19', 'full', NULL, '09:00:00', '18:00:00', '2025-07-13 11:44:20', '2025-07-13 11:44:20'),
(2901, 135, '2025-02-28', 'custom', NULL, '18:41:48', '19:41:48', '2025-07-13 11:44:20', '2025-07-13 11:44:20'),
(2900, 17, '2025-07-03', 'full', NULL, '09:00:00', '18:00:00', '2025-07-13 11:44:20', '2025-07-13 11:44:20'),
(2899, 20, '2025-05-25', 'custom', NULL, '08:37:34', '09:37:34', '2025-07-13 11:44:20', '2025-07-13 11:44:20'),
(2898, 160, '2025-05-03', 'half', 'first_half', '08:00:00', '14:00:00', '2025-07-13 11:44:20', '2025-07-13 11:44:20'),
(2897, 39, '2025-04-28', 'custom', NULL, '08:54:06', '11:54:06', '2025-07-13 11:44:20', '2025-07-13 11:44:20'),
(2896, 21, '2024-11-05', 'full', NULL, '09:00:00', '18:00:00', '2025-07-13 11:44:20', '2025-07-13 11:44:20'),
(2895, 91, '2025-05-16', 'custom', NULL, '00:17:00', '02:17:00', '2025-07-13 11:44:20', '2025-07-13 11:44:20'),
(2894, 15, '2025-05-16', 'custom', NULL, '07:53:32', '10:53:32', '2025-07-13 11:44:20', '2025-07-13 11:44:20'),
(2893, 102, '2024-07-18', 'full', NULL, '09:00:00', '18:00:00', '2025-07-13 11:44:20', '2025-07-13 11:44:20'),
(2892, 66, '2024-10-11', 'custom', NULL, '21:58:17', '23:58:17', '2025-07-13 11:44:20', '2025-07-13 11:44:20'),
(2891, 7, '2025-03-08', 'custom', NULL, '20:51:47', '23:51:47', '2025-07-13 11:44:20', '2025-07-13 11:44:20'),
(2890, 157, '2024-09-11', 'half', 'first_half', '08:00:00', '14:00:00', '2025-07-13 11:44:20', '2025-07-13 11:44:20'),
(2889, 112, '2024-09-10', 'full', NULL, '09:00:00', '18:00:00', '2025-07-13 11:44:20', '2025-07-13 11:44:20'),
(2888, 168, '2024-09-22', 'custom', NULL, '00:15:57', '01:15:57', '2025-07-13 11:44:20', '2025-07-13 11:44:20'),
(2887, 151, '2025-05-22', 'half', 'second_half', '14:00:00', '18:00:00', '2025-07-13 11:44:20', '2025-07-13 11:44:20'),
(2886, 148, '2024-09-27', 'full', NULL, '09:00:00', '18:00:00', '2025-07-13 11:44:20', '2025-07-13 11:44:20'),
(2885, 183, '2025-06-24', 'half', 'second_half', '14:00:00', '18:00:00', '2025-07-13 11:44:20', '2025-07-13 11:44:20'),
(2884, 158, '2024-08-24', 'half', 'second_half', '14:00:00', '18:00:00', '2025-07-13 11:44:20', '2025-07-13 11:44:20'),
(2883, 112, '2025-03-02', 'custom', NULL, '21:35:00', '23:35:00', '2025-07-13 11:44:20', '2025-07-13 11:44:20'),
(2882, 4, '2025-01-30', 'custom', NULL, '19:11:34', '22:11:34', '2025-07-13 11:44:20', '2025-07-13 11:44:20'),
(2881, 76, '2025-04-21', 'half', 'second_half', '14:00:00', '18:00:00', '2025-07-13 11:44:20', '2025-07-13 11:44:20'),
(2880, 119, '2024-10-15', 'half', 'second_half', '14:00:00', '18:00:00', '2025-07-13 11:44:20', '2025-07-13 11:44:20'),
(2879, 187, '2024-11-19', 'full', NULL, '09:00:00', '18:00:00', '2025-07-13 11:44:20', '2025-07-13 11:44:20'),
(2878, 51, '2025-01-31', 'full', NULL, '09:00:00', '18:00:00', '2025-07-13 11:44:20', '2025-07-13 11:44:20'),
(2877, 64, '2024-10-19', 'full', NULL, '09:00:00', '18:00:00', '2025-07-13 11:44:20', '2025-07-13 11:44:20'),
(2876, 99, '2025-03-21', 'full', NULL, '09:00:00', '18:00:00', '2025-07-13 11:44:20', '2025-07-13 11:44:20'),
(2875, 164, '2025-03-11', 'half', 'first_half', '08:00:00', '14:00:00', '2025-07-13 11:44:20', '2025-07-13 11:44:20'),
(2874, 114, '2025-05-30', 'custom', NULL, '20:33:21', '23:33:21', '2025-07-13 11:44:20', '2025-07-13 11:44:20'),
(2873, 85, '2025-02-20', 'custom', NULL, '11:47:40', '14:47:40', '2025-07-13 11:44:20', '2025-07-13 11:44:20'),
(2872, 172, '2025-02-09', 'half', 'first_half', '08:00:00', '14:00:00', '2025-07-13 11:44:20', '2025-07-13 11:44:20'),
(2871, 79, '2024-08-19', 'custom', NULL, '09:56:24', '11:56:24', '2025-07-13 11:44:20', '2025-07-13 11:44:20'),
(2870, 169, '2025-03-18', 'custom', NULL, '00:36:07', '03:36:07', '2025-07-13 11:44:20', '2025-07-13 11:44:20'),
(2869, 169, '2025-03-02', 'half', 'first_half', '08:00:00', '14:00:00', '2025-07-13 11:44:20', '2025-07-13 11:44:20'),
(2868, 190, '2025-02-13', 'full', NULL, '09:00:00', '18:00:00', '2025-07-13 11:44:20', '2025-07-13 11:44:20'),
(2867, 167, '2025-04-17', 'full', NULL, '09:00:00', '18:00:00', '2025-07-13 11:44:20', '2025-07-13 11:44:20'),
(2866, 111, '2025-02-15', 'full', NULL, '09:00:00', '18:00:00', '2025-07-13 11:44:20', '2025-07-13 11:44:20'),
(2865, 8, '2025-02-17', 'full', NULL, '09:00:00', '18:00:00', '2025-07-13 11:44:20', '2025-07-13 11:44:20'),
(2864, 161, '2024-08-04', 'custom', NULL, '07:57:57', '10:57:57', '2025-07-13 11:44:20', '2025-07-13 11:44:20'),
(2863, 57, '2024-11-15', 'half', 'second_half', '14:00:00', '18:00:00', '2025-07-13 11:44:20', '2025-07-13 11:44:20'),
(2862, 124, '2025-06-18', 'half', 'second_half', '14:00:00', '18:00:00', '2025-07-13 11:44:20', '2025-07-13 11:44:20'),
(2861, 50, '2025-01-20', 'half', 'second_half', '14:00:00', '18:00:00', '2025-07-13 11:44:20', '2025-07-13 11:44:20'),
(2860, 171, '2025-02-05', 'full', NULL, '09:00:00', '18:00:00', '2025-07-13 11:44:20', '2025-07-13 11:44:20'),
(2859, 21, '2024-09-12', 'custom', NULL, '08:19:42', '10:19:42', '2025-07-13 11:44:20', '2025-07-13 11:44:20'),
(2858, 160, '2024-10-05', 'full', NULL, '09:00:00', '18:00:00', '2025-07-13 11:44:20', '2025-07-13 11:44:20'),
(2857, 3, '2024-10-02', 'half', 'second_half', '14:00:00', '18:00:00', '2025-07-13 11:44:20', '2025-07-13 11:44:20'),
(2856, 128, '2025-04-06', 'full', NULL, '09:00:00', '18:00:00', '2025-07-13 11:44:20', '2025-07-13 11:44:20'),
(2855, 104, '2024-10-06', 'full', NULL, '09:00:00', '18:00:00', '2025-07-13 11:44:20', '2025-07-13 11:44:20'),
(2854, 194, '2025-02-18', 'half', 'second_half', '14:00:00', '18:00:00', '2025-07-13 11:44:20', '2025-07-13 11:44:20'),
(2853, 32, '2025-06-30', 'full', NULL, '09:00:00', '18:00:00', '2025-07-13 11:44:20', '2025-07-13 11:44:20'),
(2852, 101, '2025-04-27', 'custom', NULL, '15:36:06', '17:36:06', '2025-07-13 11:44:20', '2025-07-13 11:44:20'),
(2851, 23, '2025-03-14', 'full', NULL, '09:00:00', '18:00:00', '2025-07-13 11:44:20', '2025-07-13 11:44:20'),
(2850, 9, '2024-08-10', 'full', NULL, '09:00:00', '18:00:00', '2025-07-13 11:44:20', '2025-07-13 11:44:20'),
(2849, 9, '2024-08-03', 'custom', NULL, '02:53:04', '04:53:04', '2025-07-13 11:44:20', '2025-07-13 11:44:20'),
(2848, 174, '2025-05-14', 'half', 'second_half', '14:00:00', '18:00:00', '2025-07-13 11:44:20', '2025-07-13 11:44:20'),
(2847, 40, '2025-05-30', 'full', NULL, '09:00:00', '18:00:00', '2025-07-13 11:44:20', '2025-07-13 11:44:20'),
(2846, 20, '2024-10-26', 'full', NULL, '09:00:00', '18:00:00', '2025-07-13 11:44:20', '2025-07-13 11:44:20'),
(2845, 163, '2025-07-06', 'full', NULL, '09:00:00', '18:00:00', '2025-07-13 11:44:20', '2025-07-13 11:44:20'),
(2844, 61, '2025-04-19', 'half', 'second_half', '14:00:00', '18:00:00', '2025-07-13 11:44:20', '2025-07-13 11:44:20'),
(2843, 59, '2025-05-03', 'full', NULL, '09:00:00', '18:00:00', '2025-07-13 11:44:20', '2025-07-13 11:44:20'),
(2842, 144, '2025-01-08', 'custom', NULL, '03:26:28', '05:26:28', '2025-07-13 11:44:20', '2025-07-13 11:44:20'),
(2841, 49, '2024-08-28', 'custom', NULL, '17:19:38', '19:19:38', '2025-07-13 11:44:20', '2025-07-13 11:44:20'),
(2840, 106, '2024-09-07', 'full', NULL, '09:00:00', '18:00:00', '2025-07-13 11:44:20', '2025-07-13 11:44:20'),
(2839, 118, '2024-12-10', 'full', NULL, '09:00:00', '18:00:00', '2025-07-13 11:44:20', '2025-07-13 11:44:20'),
(2838, 176, '2025-06-26', 'custom', NULL, '02:34:27', '04:34:27', '2025-07-13 11:44:20', '2025-07-13 11:44:20'),
(2837, 34, '2024-10-25', 'custom', NULL, '10:49:55', '11:49:55', '2025-07-13 11:44:20', '2025-07-13 11:44:20'),
(2836, 17, '2025-06-28', 'custom', NULL, '19:52:21', '22:52:21', '2025-07-13 11:44:20', '2025-07-13 11:44:20'),
(2835, 149, '2024-11-09', 'full', NULL, '09:00:00', '18:00:00', '2025-07-13 11:44:20', '2025-07-13 11:44:20'),
(2834, 15, '2025-03-22', 'full', NULL, '09:00:00', '18:00:00', '2025-07-13 11:44:20', '2025-07-13 11:44:20'),
(2833, 107, '2024-12-10', 'custom', NULL, '04:32:21', '06:32:21', '2025-07-13 11:44:20', '2025-07-13 11:44:20'),
(2832, 69, '2024-10-23', 'full', NULL, '09:00:00', '18:00:00', '2025-07-13 11:44:20', '2025-07-13 11:44:20'),
(2831, 184, '2024-11-16', 'custom', NULL, '11:00:18', '13:00:18', '2025-07-13 11:44:20', '2025-07-13 11:44:20'),
(2830, 96, '2024-10-10', 'custom', NULL, '04:25:04', '06:25:04', '2025-07-13 11:44:20', '2025-07-13 11:44:20'),
(2829, 80, '2024-09-15', 'full', NULL, '09:00:00', '18:00:00', '2025-07-13 11:44:20', '2025-07-13 11:44:20'),
(2828, 92, '2024-12-08', 'half', 'first_half', '08:00:00', '14:00:00', '2025-07-13 11:44:20', '2025-07-13 11:44:20'),
(2827, 106, '2025-02-06', 'custom', NULL, '21:48:59', '22:48:59', '2025-07-13 11:44:20', '2025-07-13 11:44:20'),
(2826, 2, '2025-06-18', 'full', NULL, '09:00:00', '18:00:00', '2025-07-13 11:44:20', '2025-07-13 11:44:20'),
(2825, 32, '2024-11-27', 'custom', NULL, '08:55:35', '11:55:35', '2025-07-13 11:44:20', '2025-07-13 11:44:20'),
(2824, 62, '2025-05-30', 'custom', NULL, '11:33:58', '12:33:58', '2025-07-13 11:44:20', '2025-07-13 11:44:20'),
(2823, 90, '2024-11-26', 'full', NULL, '09:00:00', '18:00:00', '2025-07-13 11:44:20', '2025-07-13 11:44:20'),
(2822, 120, '2024-09-28', 'custom', NULL, '02:01:48', '03:01:48', '2025-07-13 11:44:20', '2025-07-13 11:44:20'),
(2821, 197, '2025-03-18', 'half', 'first_half', '08:00:00', '14:00:00', '2025-07-13 11:44:20', '2025-07-13 11:44:20'),
(2820, 168, '2025-05-14', 'full', NULL, '09:00:00', '18:00:00', '2025-07-13 11:44:20', '2025-07-13 11:44:20'),
(2819, 8, '2025-05-11', 'custom', NULL, '21:58:48', '00:58:48', '2025-07-13 11:44:20', '2025-07-13 11:44:20'),
(2818, 123, '2024-07-19', 'full', NULL, '09:00:00', '18:00:00', '2025-07-13 11:44:20', '2025-07-13 11:44:20'),
(2817, 43, '2024-10-20', 'half', 'first_half', '08:00:00', '14:00:00', '2025-07-13 11:44:20', '2025-07-13 11:44:20'),
(2816, 132, '2025-05-18', 'custom', NULL, '23:06:23', '00:06:23', '2025-07-13 11:44:20', '2025-07-13 11:44:20'),
(2815, 12, '2024-10-08', 'half', 'second_half', '14:00:00', '18:00:00', '2025-07-13 11:44:20', '2025-07-13 11:44:20'),
(2814, 111, '2024-12-22', 'custom', NULL, '19:41:22', '20:41:22', '2025-07-13 11:44:20', '2025-07-13 11:44:20'),
(2813, 71, '2025-03-18', 'custom', NULL, '03:13:07', '04:13:07', '2025-07-13 11:44:20', '2025-07-13 11:44:20'),
(2812, 39, '2025-07-06', 'custom', NULL, '07:57:32', '08:57:32', '2025-07-13 11:44:20', '2025-07-13 11:44:20'),
(2811, 97, '2025-04-18', 'half', 'first_half', '08:00:00', '14:00:00', '2025-07-13 11:44:20', '2025-07-13 11:44:20'),
(2810, 113, '2025-02-17', 'full', NULL, '09:00:00', '18:00:00', '2025-07-13 11:44:20', '2025-07-13 11:44:20'),
(2809, 165, '2025-05-19', 'custom', NULL, '02:01:50', '03:01:50', '2025-07-13 11:44:20', '2025-07-13 11:44:20'),
(2808, 158, '2024-10-12', 'custom', NULL, '09:31:19', '11:31:19', '2025-07-13 11:44:20', '2025-07-13 11:44:20'),
(2807, 62, '2024-12-10', 'full', NULL, '09:00:00', '18:00:00', '2025-07-13 11:44:20', '2025-07-13 11:44:20'),
(2806, 69, '2025-02-06', 'half', 'first_half', '08:00:00', '14:00:00', '2025-07-13 11:44:20', '2025-07-13 11:44:20'),
(2805, 166, '2024-10-27', 'half', 'first_half', '08:00:00', '14:00:00', '2025-07-13 11:44:20', '2025-07-13 11:44:20'),
(2804, 19, '2024-09-30', 'half', 'first_half', '08:00:00', '14:00:00', '2025-07-13 11:44:20', '2025-07-13 11:44:20'),
(2803, 22, '2024-08-29', 'half', 'second_half', '14:00:00', '18:00:00', '2025-07-13 11:44:20', '2025-07-13 11:44:20'),
(2802, 11, '2024-12-18', 'custom', NULL, '02:04:58', '03:04:58', '2025-07-13 11:44:20', '2025-07-13 11:44:20'),
(2801, 183, '2025-04-21', 'full', NULL, '09:00:00', '18:00:00', '2025-07-13 11:44:20', '2025-07-13 11:44:20'),
(2800, 95, '2024-09-04', 'custom', NULL, '20:10:41', '22:10:41', '2025-07-13 11:44:20', '2025-07-13 11:44:20'),
(2799, 6, '2024-07-25', 'half', 'first_half', '08:00:00', '14:00:00', '2025-07-13 11:44:20', '2025-07-13 11:44:20'),
(2798, 197, '2024-10-20', 'custom', NULL, '15:40:44', '18:40:44', '2025-07-13 11:44:20', '2025-07-13 11:44:20'),
(2797, 176, '2024-07-19', 'full', NULL, '09:00:00', '18:00:00', '2025-07-13 11:44:20', '2025-07-13 11:44:20'),
(2796, 1, '2025-06-21', 'half', 'second_half', '14:00:00', '18:00:00', '2025-07-13 11:44:20', '2025-07-13 11:44:20'),
(2795, 165, '2025-02-15', 'full', NULL, '09:00:00', '18:00:00', '2025-07-13 11:44:20', '2025-07-13 11:44:20'),
(2794, 170, '2024-11-09', 'half', 'second_half', '14:00:00', '18:00:00', '2025-07-13 11:44:20', '2025-07-13 11:44:20'),
(2793, 23, '2025-05-15', 'custom', NULL, '09:19:34', '10:19:34', '2025-07-13 11:44:20', '2025-07-13 11:44:20'),
(2792, 31, '2024-11-11', 'half', 'second_half', '14:00:00', '18:00:00', '2025-07-13 11:44:20', '2025-07-13 11:44:20'),
(2791, 94, '2024-12-12', 'custom', NULL, '14:50:21', '15:50:21', '2025-07-13 11:44:20', '2025-07-13 11:44:20'),
(2790, 109, '2025-02-21', 'custom', NULL, '09:05:53', '11:05:53', '2025-07-13 11:44:20', '2025-07-13 11:44:20'),
(2789, 101, '2024-11-20', 'half', 'first_half', '08:00:00', '14:00:00', '2025-07-13 11:44:20', '2025-07-13 11:44:20'),
(2788, 18, '2025-02-26', 'half', 'second_half', '14:00:00', '18:00:00', '2025-07-13 11:44:20', '2025-07-13 11:44:20'),
(2787, 142, '2024-08-25', 'full', NULL, '09:00:00', '18:00:00', '2025-07-13 11:44:20', '2025-07-13 11:44:20'),
(2786, 78, '2024-10-22', 'half', 'second_half', '14:00:00', '18:00:00', '2025-07-13 11:44:20', '2025-07-13 11:44:20'),
(2785, 187, '2025-03-30', 'custom', NULL, '07:37:26', '08:37:26', '2025-07-13 11:44:20', '2025-07-13 11:44:20'),
(2784, 73, '2024-08-02', 'half', 'second_half', '14:00:00', '18:00:00', '2025-07-13 11:44:20', '2025-07-13 11:44:20'),
(2783, 103, '2025-03-02', 'half', 'second_half', '14:00:00', '18:00:00', '2025-07-13 11:44:20', '2025-07-13 11:44:20'),
(2782, 108, '2024-12-30', 'half', 'first_half', '08:00:00', '14:00:00', '2025-07-13 11:44:20', '2025-07-13 11:44:20'),
(2781, 119, '2025-06-13', 'full', NULL, '09:00:00', '18:00:00', '2025-07-13 11:44:20', '2025-07-13 11:44:20'),
(2780, 42, '2025-06-21', 'full', NULL, '09:00:00', '18:00:00', '2025-07-13 11:44:20', '2025-07-13 11:44:20'),
(2779, 44, '2024-12-11', 'full', NULL, '09:00:00', '18:00:00', '2025-07-13 11:44:20', '2025-07-13 11:44:20'),
(2778, 65, '2024-08-28', 'full', NULL, '09:00:00', '18:00:00', '2025-07-13 11:44:20', '2025-07-13 11:44:20'),
(2777, 101, '2025-04-05', 'custom', NULL, '08:43:56', '10:43:56', '2025-07-13 11:44:20', '2025-07-13 11:44:20'),
(2776, 39, '2024-10-30', 'custom', NULL, '13:01:12', '14:01:12', '2025-07-13 11:44:20', '2025-07-13 11:44:20'),
(2775, 34, '2025-06-23', 'half', 'second_half', '14:00:00', '18:00:00', '2025-07-13 11:44:20', '2025-07-13 11:44:20'),
(2774, 151, '2024-12-04', 'half', 'second_half', '14:00:00', '18:00:00', '2025-07-13 11:44:20', '2025-07-13 11:44:20'),
(2773, 27, '2025-03-31', 'custom', NULL, '09:24:48', '12:24:48', '2025-07-13 11:44:20', '2025-07-13 11:44:20'),
(2772, 48, '2024-10-04', 'full', NULL, '09:00:00', '18:00:00', '2025-07-13 11:44:20', '2025-07-13 11:44:20'),
(2771, 200, '2025-01-14', 'full', NULL, '09:00:00', '18:00:00', '2025-07-13 11:44:20', '2025-07-13 11:44:20'),
(2770, 12, '2025-05-10', 'full', NULL, '09:00:00', '18:00:00', '2025-07-13 11:44:20', '2025-07-13 11:44:20'),
(2769, 16, '2024-07-21', 'full', NULL, '09:00:00', '18:00:00', '2025-07-13 11:44:20', '2025-07-13 11:44:20'),
(2768, 162, '2024-08-23', 'half', 'second_half', '14:00:00', '18:00:00', '2025-07-13 11:44:20', '2025-07-13 11:44:20'),
(2767, 33, '2025-04-29', 'half', 'second_half', '14:00:00', '18:00:00', '2025-07-13 11:44:20', '2025-07-13 11:44:20'),
(2766, 198, '2025-04-28', 'full', NULL, '09:00:00', '18:00:00', '2025-07-13 11:44:20', '2025-07-13 11:44:20'),
(2765, 186, '2024-08-06', 'custom', NULL, '07:34:40', '10:34:40', '2025-07-13 11:44:20', '2025-07-13 11:44:20'),
(2764, 145, '2024-11-04', 'full', NULL, '09:00:00', '18:00:00', '2025-07-13 11:44:20', '2025-07-13 11:44:20'),
(2763, 60, '2024-08-09', 'full', NULL, '09:00:00', '18:00:00', '2025-07-13 11:44:20', '2025-07-13 11:44:20'),
(2762, 112, '2024-08-14', 'half', 'second_half', '14:00:00', '18:00:00', '2025-07-13 11:44:20', '2025-07-13 11:44:20'),
(2761, 134, '2024-10-26', 'full', NULL, '09:00:00', '18:00:00', '2025-07-13 11:44:20', '2025-07-13 11:44:20'),
(2760, 168, '2025-03-01', 'custom', NULL, '17:55:00', '20:55:00', '2025-07-13 11:44:20', '2025-07-13 11:44:20'),
(2759, 27, '2024-08-06', 'half', 'first_half', '08:00:00', '14:00:00', '2025-07-13 11:44:20', '2025-07-13 11:44:20'),
(2758, 68, '2025-07-02', 'half', 'first_half', '08:00:00', '14:00:00', '2025-07-13 11:44:20', '2025-07-13 11:44:20'),
(2757, 18, '2024-12-30', 'full', NULL, '09:00:00', '18:00:00', '2025-07-13 11:44:20', '2025-07-13 11:44:20'),
(2756, 74, '2025-06-09', 'custom', NULL, '01:57:58', '04:57:58', '2025-07-13 11:44:20', '2025-07-13 11:44:20'),
(2755, 40, '2025-05-11', 'full', NULL, '09:00:00', '18:00:00', '2025-07-13 11:44:20', '2025-07-13 11:44:20'),
(2754, 178, '2024-11-16', 'custom', NULL, '04:30:27', '06:30:27', '2025-07-13 11:44:20', '2025-07-13 11:44:20'),
(2753, 19, '2025-03-25', 'custom', NULL, '15:34:20', '16:34:20', '2025-07-13 11:44:20', '2025-07-13 11:44:20'),
(2752, 65, '2025-01-04', 'full', NULL, '09:00:00', '18:00:00', '2025-07-13 11:44:20', '2025-07-13 11:44:20'),
(2751, 181, '2025-03-12', 'half', 'first_half', '08:00:00', '14:00:00', '2025-07-13 11:44:20', '2025-07-13 11:44:20'),
(2750, 88, '2025-07-08', 'half', 'second_half', '14:00:00', '18:00:00', '2025-07-13 11:44:20', '2025-07-13 11:44:20'),
(2749, 50, '2024-10-22', 'half', 'second_half', '14:00:00', '18:00:00', '2025-07-13 11:44:20', '2025-07-13 11:44:20'),
(2748, 21, '2024-10-29', 'half', 'first_half', '08:00:00', '14:00:00', '2025-07-13 11:44:20', '2025-07-13 11:44:20'),
(2747, 176, '2024-09-08', 'custom', NULL, '16:11:01', '17:11:01', '2025-07-13 11:44:20', '2025-07-13 11:44:20'),
(2746, 134, '2025-02-18', 'half', 'first_half', '08:00:00', '14:00:00', '2025-07-13 11:44:20', '2025-07-13 11:44:20'),
(2745, 185, '2025-02-10', 'half', 'second_half', '14:00:00', '18:00:00', '2025-07-13 11:44:20', '2025-07-13 11:44:20'),
(2744, 34, '2025-06-08', 'full', NULL, '09:00:00', '18:00:00', '2025-07-13 11:44:20', '2025-07-13 11:44:20'),
(2743, 9, '2025-06-20', 'half', 'second_half', '14:00:00', '18:00:00', '2025-07-13 11:44:20', '2025-07-13 11:44:20'),
(2742, 89, '2024-08-15', 'full', NULL, '09:00:00', '18:00:00', '2025-07-13 11:44:20', '2025-07-13 11:44:20'),
(2741, 7, '2024-12-28', 'half', 'first_half', '08:00:00', '14:00:00', '2025-07-13 11:44:20', '2025-07-13 11:44:20'),
(2740, 34, '2024-08-02', 'full', NULL, '09:00:00', '18:00:00', '2025-07-13 11:44:20', '2025-07-13 11:44:20'),
(2739, 55, '2024-12-20', 'half', 'second_half', '14:00:00', '18:00:00', '2025-07-13 11:44:20', '2025-07-13 11:44:20'),
(2738, 143, '2024-11-05', 'half', 'second_half', '14:00:00', '18:00:00', '2025-07-13 11:44:20', '2025-07-13 11:44:20'),
(2737, 103, '2024-10-27', 'half', 'first_half', '08:00:00', '14:00:00', '2025-07-13 11:44:20', '2025-07-13 11:44:20'),
(2736, 159, '2024-09-04', 'full', NULL, '09:00:00', '18:00:00', '2025-07-13 11:44:20', '2025-07-13 11:44:20'),
(2735, 22, '2025-07-10', 'custom', NULL, '02:16:14', '03:16:14', '2025-07-13 11:44:20', '2025-07-13 11:44:20'),
(2734, 65, '2024-11-29', 'custom', NULL, '01:07:15', '03:07:15', '2025-07-13 11:44:20', '2025-07-13 11:44:20'),
(2733, 34, '2024-11-05', 'custom', NULL, '07:58:21', '08:58:21', '2025-07-13 11:44:20', '2025-07-13 11:44:20'),
(2732, 84, '2025-04-26', 'half', 'first_half', '08:00:00', '14:00:00', '2025-07-13 11:44:20', '2025-07-13 11:44:20'),
(2731, 99, '2024-08-03', 'custom', NULL, '20:54:37', '23:54:37', '2025-07-13 11:44:20', '2025-07-13 11:44:20'),
(2730, 153, '2025-03-04', 'half', 'second_half', '14:00:00', '18:00:00', '2025-07-13 11:44:20', '2025-07-13 11:44:20'),
(2729, 194, '2024-09-12', 'full', NULL, '09:00:00', '18:00:00', '2025-07-13 11:44:20', '2025-07-13 11:44:20'),
(2728, 170, '2024-08-08', 'full', NULL, '09:00:00', '18:00:00', '2025-07-13 11:44:20', '2025-07-13 11:44:20'),
(2727, 131, '2025-04-11', 'full', NULL, '09:00:00', '18:00:00', '2025-07-13 11:44:20', '2025-07-13 11:44:20'),
(2726, 73, '2024-11-26', 'half', 'first_half', '08:00:00', '14:00:00', '2025-07-13 11:44:20', '2025-07-13 11:44:20'),
(2725, 15, '2024-11-22', 'half', 'first_half', '08:00:00', '14:00:00', '2025-07-13 11:44:20', '2025-07-13 11:44:20'),
(2724, 5, '2025-02-17', 'custom', NULL, '23:02:17', '02:02:17', '2025-07-13 11:44:20', '2025-07-13 11:44:20'),
(2723, 8, '2024-12-31', 'custom', NULL, '13:18:35', '14:18:35', '2025-07-13 11:44:20', '2025-07-13 11:44:20'),
(2722, 162, '2025-01-28', 'custom', NULL, '00:11:43', '01:11:43', '2025-07-13 11:44:20', '2025-07-13 11:44:20'),
(2721, 90, '2025-07-03', 'custom', NULL, '03:18:33', '04:18:33', '2025-07-13 11:44:20', '2025-07-13 11:44:20'),
(2720, 19, '2024-09-06', 'custom', NULL, '16:17:53', '17:17:53', '2025-07-13 11:44:20', '2025-07-13 11:44:20'),
(2719, 138, '2025-06-24', 'custom', NULL, '09:56:09', '12:56:09', '2025-07-13 11:44:20', '2025-07-13 11:44:20'),
(2718, 128, '2024-10-17', 'full', NULL, '09:00:00', '18:00:00', '2025-07-13 11:44:20', '2025-07-13 11:44:20'),
(2717, 177, '2024-09-11', 'full', NULL, '09:00:00', '18:00:00', '2025-07-13 11:44:20', '2025-07-13 11:44:20'),
(2716, 17, '2024-08-15', 'full', NULL, '09:00:00', '18:00:00', '2025-07-13 11:44:20', '2025-07-13 11:44:20'),
(2715, 170, '2024-09-18', 'full', NULL, '09:00:00', '18:00:00', '2025-07-13 11:44:20', '2025-07-13 11:44:20'),
(2714, 138, '2025-04-03', 'half', 'first_half', '08:00:00', '14:00:00', '2025-07-13 11:44:20', '2025-07-13 11:44:20'),
(2713, 109, '2024-12-29', 'full', NULL, '09:00:00', '18:00:00', '2025-07-13 11:44:20', '2025-07-13 11:44:20'),
(2712, 112, '2025-02-19', 'custom', NULL, '10:55:44', '12:55:44', '2025-07-13 11:44:20', '2025-07-13 11:44:20'),
(2711, 43, '2025-06-11', 'half', 'first_half', '08:00:00', '14:00:00', '2025-07-13 11:44:20', '2025-07-13 11:44:20'),
(2710, 127, '2024-07-14', 'full', NULL, '09:00:00', '18:00:00', '2025-07-13 11:44:20', '2025-07-13 11:44:20'),
(2709, 46, '2024-11-24', 'custom', NULL, '22:47:45', '00:47:45', '2025-07-13 11:44:20', '2025-07-13 11:44:20'),
(2708, 57, '2025-03-23', 'custom', NULL, '23:50:32', '02:50:32', '2025-07-13 11:44:20', '2025-07-13 11:44:20'),
(2707, 26, '2024-12-11', 'full', NULL, '09:00:00', '18:00:00', '2025-07-13 11:44:20', '2025-07-13 11:44:20'),
(2706, 16, '2024-12-22', 'full', NULL, '09:00:00', '18:00:00', '2025-07-13 11:44:20', '2025-07-13 11:44:20'),
(2705, 31, '2025-01-07', 'full', NULL, '09:00:00', '18:00:00', '2025-07-13 11:44:20', '2025-07-13 11:44:20'),
(2704, 136, '2025-05-15', 'custom', NULL, '05:18:52', '06:18:52', '2025-07-13 11:44:20', '2025-07-13 11:44:20'),
(2703, 26, '2025-01-16', 'full', NULL, '09:00:00', '18:00:00', '2025-07-13 11:44:20', '2025-07-13 11:44:20'),
(2702, 83, '2024-07-25', 'full', NULL, '09:00:00', '18:00:00', '2025-07-13 11:44:20', '2025-07-13 11:44:20'),
(2701, 26, '2025-02-01', 'custom', NULL, '17:26:46', '19:26:46', '2025-07-13 11:44:20', '2025-07-13 11:44:20'),
(2700, 17, '2025-03-09', 'custom', NULL, '19:27:55', '22:27:55', '2025-07-13 11:44:20', '2025-07-13 11:44:20'),
(2699, 23, '2024-07-25', 'half', 'second_half', '14:00:00', '18:00:00', '2025-07-13 11:44:20', '2025-07-13 11:44:20'),
(2698, 180, '2025-03-06', 'half', 'first_half', '08:00:00', '14:00:00', '2025-07-13 11:44:20', '2025-07-13 11:44:20'),
(2697, 137, '2025-03-19', 'full', NULL, '09:00:00', '18:00:00', '2025-07-13 11:44:20', '2025-07-13 11:44:20'),
(2696, 131, '2024-09-08', 'half', 'second_half', '14:00:00', '18:00:00', '2025-07-13 11:44:20', '2025-07-13 11:44:20'),
(2695, 168, '2024-11-16', 'full', NULL, '09:00:00', '18:00:00', '2025-07-13 11:44:20', '2025-07-13 11:44:20'),
(2694, 104, '2025-03-27', 'custom', NULL, '01:25:46', '04:25:46', '2025-07-13 11:44:20', '2025-07-13 11:44:20'),
(2693, 111, '2024-10-23', 'half', 'second_half', '14:00:00', '18:00:00', '2025-07-13 11:44:20', '2025-07-13 11:44:20'),
(2692, 30, '2025-07-07', 'half', 'second_half', '14:00:00', '18:00:00', '2025-07-13 11:44:20', '2025-07-13 11:44:20'),
(2691, 133, '2024-07-17', 'half', 'first_half', '08:00:00', '14:00:00', '2025-07-13 11:44:20', '2025-07-13 11:44:20'),
(2690, 82, '2025-03-11', 'full', NULL, '09:00:00', '18:00:00', '2025-07-13 11:44:20', '2025-07-13 11:44:20'),
(2689, 104, '2025-06-17', 'full', NULL, '09:00:00', '18:00:00', '2025-07-13 11:44:20', '2025-07-13 11:44:20'),
(2688, 159, '2024-07-14', 'full', NULL, '09:00:00', '18:00:00', '2025-07-13 11:44:20', '2025-07-13 11:44:20'),
(2687, 171, '2024-09-10', 'half', 'first_half', '08:00:00', '14:00:00', '2025-07-13 11:44:20', '2025-07-13 11:44:20'),
(2686, 128, '2024-09-13', 'full', NULL, '09:00:00', '18:00:00', '2025-07-13 11:44:20', '2025-07-13 11:44:20'),
(2685, 51, '2025-03-06', 'custom', NULL, '00:33:04', '03:33:04', '2025-07-13 11:44:20', '2025-07-13 11:44:20'),
(2684, 151, '2025-06-02', 'custom', NULL, '09:45:40', '10:45:40', '2025-07-13 11:44:20', '2025-07-13 11:44:20'),
(2683, 82, '2025-04-22', 'half', 'first_half', '08:00:00', '14:00:00', '2025-07-13 11:44:20', '2025-07-13 11:44:20'),
(2682, 14, '2025-01-15', 'custom', NULL, '11:16:23', '14:16:23', '2025-07-13 11:44:20', '2025-07-13 11:44:20'),
(2681, 157, '2024-08-04', 'full', NULL, '09:00:00', '18:00:00', '2025-07-13 11:44:20', '2025-07-13 11:44:20'),
(2680, 52, '2025-03-13', 'custom', NULL, '03:34:26', '05:34:26', '2025-07-13 11:44:20', '2025-07-13 11:44:20'),
(2679, 18, '2025-03-01', 'custom', NULL, '03:53:19', '04:53:19', '2025-07-13 11:44:20', '2025-07-13 11:44:20'),
(2678, 143, '2025-07-01', 'custom', NULL, '17:34:59', '19:34:59', '2025-07-13 11:44:20', '2025-07-13 11:44:20'),
(2677, 92, '2025-03-01', 'full', NULL, '09:00:00', '18:00:00', '2025-07-13 11:44:20', '2025-07-13 11:44:20'),
(2676, 82, '2024-11-26', 'custom', NULL, '01:46:02', '02:46:02', '2025-07-13 11:44:20', '2025-07-13 11:44:20'),
(2675, 174, '2025-03-17', 'half', 'first_half', '08:00:00', '14:00:00', '2025-07-13 11:44:20', '2025-07-13 11:44:20'),
(2674, 63, '2024-12-07', 'custom', NULL, '20:45:02', '22:45:02', '2025-07-13 11:44:20', '2025-07-13 11:44:20'),
(2673, 125, '2025-02-13', 'custom', NULL, '02:35:39', '05:35:39', '2025-07-13 11:44:20', '2025-07-13 11:44:20'),
(2672, 100, '2024-09-30', 'custom', NULL, '11:16:00', '13:16:00', '2025-07-13 11:44:20', '2025-07-13 11:44:20'),
(2671, 137, '2024-12-22', 'full', NULL, '09:00:00', '18:00:00', '2025-07-13 11:44:20', '2025-07-13 11:44:20'),
(2670, 199, '2024-08-20', 'full', NULL, '09:00:00', '18:00:00', '2025-07-13 11:44:20', '2025-07-13 11:44:20'),
(2669, 197, '2025-07-07', 'custom', NULL, '02:31:06', '04:31:06', '2025-07-13 11:44:20', '2025-07-13 11:44:20'),
(2668, 22, '2025-01-23', 'custom', NULL, '03:13:34', '05:13:34', '2025-07-13 11:44:20', '2025-07-13 11:44:20'),
(2667, 6, '2024-09-18', 'full', NULL, '09:00:00', '18:00:00', '2025-07-13 11:44:20', '2025-07-13 11:44:20'),
(2666, 51, '2024-08-16', 'half', 'first_half', '08:00:00', '14:00:00', '2025-07-13 11:44:20', '2025-07-13 11:44:20'),
(2665, 131, '2024-11-28', 'half', 'second_half', '14:00:00', '18:00:00', '2025-07-13 11:44:20', '2025-07-13 11:44:20'),
(2664, 55, '2024-10-31', 'custom', NULL, '12:36:50', '13:36:50', '2025-07-13 11:44:20', '2025-07-13 11:44:20'),
(2663, 148, '2025-04-02', 'full', NULL, '09:00:00', '18:00:00', '2025-07-13 11:44:20', '2025-07-13 11:44:20'),
(2662, 131, '2025-04-30', 'custom', NULL, '05:42:46', '06:42:46', '2025-07-13 11:44:20', '2025-07-13 11:44:20'),
(2661, 64, '2025-02-16', 'full', NULL, '09:00:00', '18:00:00', '2025-07-13 11:44:20', '2025-07-13 11:44:20'),
(2660, 87, '2024-10-17', 'half', 'second_half', '14:00:00', '18:00:00', '2025-07-13 11:44:20', '2025-07-13 11:44:20'),
(2659, 148, '2025-03-21', 'half', 'first_half', '08:00:00', '14:00:00', '2025-07-13 11:44:20', '2025-07-13 11:44:20'),
(2658, 124, '2025-05-01', 'half', 'first_half', '08:00:00', '14:00:00', '2025-07-13 11:44:20', '2025-07-13 11:44:20'),
(2657, 149, '2025-04-02', 'full', NULL, '09:00:00', '18:00:00', '2025-07-13 11:44:20', '2025-07-13 11:44:20'),
(2656, 197, '2025-04-30', 'custom', NULL, '05:09:29', '07:09:29', '2025-07-13 11:44:20', '2025-07-13 11:44:20'),
(2655, 190, '2025-07-11', 'full', NULL, '09:00:00', '18:00:00', '2025-07-13 11:44:20', '2025-07-13 11:44:20'),
(2654, 80, '2024-10-23', 'custom', NULL, '14:46:51', '17:46:51', '2025-07-13 11:44:20', '2025-07-13 11:44:20'),
(2653, 43, '2025-02-07', 'half', 'second_half', '14:00:00', '18:00:00', '2025-07-13 11:44:20', '2025-07-13 11:44:20'),
(2652, 123, '2025-06-06', 'custom', NULL, '02:14:22', '04:14:22', '2025-07-13 11:44:20', '2025-07-13 11:44:20'),
(2651, 91, '2025-03-31', 'custom', NULL, '12:25:25', '13:25:25', '2025-07-13 11:44:20', '2025-07-13 11:44:20'),
(2650, 28, '2025-04-05', 'full', NULL, '09:00:00', '18:00:00', '2025-07-13 11:44:20', '2025-07-13 11:44:20'),
(2649, 47, '2024-10-19', 'full', NULL, '09:00:00', '18:00:00', '2025-07-13 11:44:20', '2025-07-13 11:44:20'),
(2648, 76, '2025-04-24', 'full', NULL, '09:00:00', '18:00:00', '2025-07-13 11:44:20', '2025-07-13 11:44:20'),
(2647, 31, '2025-03-08', 'full', NULL, '09:00:00', '18:00:00', '2025-07-13 11:44:20', '2025-07-13 11:44:20'),
(2646, 60, '2024-12-17', 'custom', NULL, '03:41:31', '05:41:31', '2025-07-13 11:44:20', '2025-07-13 11:44:20'),
(2645, 72, '2024-11-22', 'full', NULL, '09:00:00', '18:00:00', '2025-07-13 11:44:20', '2025-07-13 11:44:20'),
(2644, 132, '2025-04-11', 'half', 'first_half', '08:00:00', '14:00:00', '2025-07-13 11:44:20', '2025-07-13 11:44:20'),
(2643, 119, '2025-05-18', 'full', NULL, '09:00:00', '18:00:00', '2025-07-13 11:44:20', '2025-07-13 11:44:20'),
(2642, 42, '2025-03-21', 'custom', NULL, '03:03:03', '04:03:03', '2025-07-13 11:44:20', '2025-07-13 11:44:20'),
(2641, 119, '2025-02-12', 'full', NULL, '09:00:00', '18:00:00', '2025-07-13 11:44:20', '2025-07-13 11:44:20'),
(2640, 36, '2024-09-26', 'half', 'second_half', '14:00:00', '18:00:00', '2025-07-13 11:44:20', '2025-07-13 11:44:20'),
(2639, 37, '2025-03-05', 'half', 'first_half', '08:00:00', '14:00:00', '2025-07-13 11:44:20', '2025-07-13 11:44:20'),
(2638, 22, '2025-02-09', 'half', 'second_half', '14:00:00', '18:00:00', '2025-07-13 11:44:20', '2025-07-13 11:44:20'),
(2637, 5, '2025-05-26', 'custom', NULL, '03:55:40', '04:55:40', '2025-07-13 11:44:20', '2025-07-13 11:44:20'),
(2636, 173, '2024-11-11', 'custom', NULL, '20:05:50', '22:05:50', '2025-07-13 11:44:20', '2025-07-13 11:44:20'),
(2635, 43, '2024-09-24', 'half', 'first_half', '08:00:00', '14:00:00', '2025-07-13 11:44:20', '2025-07-13 11:44:20'),
(2634, 151, '2025-02-04', 'custom', NULL, '02:32:26', '03:32:26', '2025-07-13 11:44:20', '2025-07-13 11:44:20'),
(2633, 148, '2024-08-11', 'custom', NULL, '04:54:18', '05:54:18', '2025-07-13 11:44:20', '2025-07-13 11:44:20'),
(2632, 131, '2024-12-08', 'full', NULL, '09:00:00', '18:00:00', '2025-07-13 11:44:20', '2025-07-13 11:44:20'),
(2631, 38, '2024-08-29', 'full', NULL, '09:00:00', '18:00:00', '2025-07-13 11:44:20', '2025-07-13 11:44:20'),
(2630, 47, '2024-12-01', 'custom', NULL, '08:36:51', '09:36:51', '2025-07-13 11:44:20', '2025-07-13 11:44:20'),
(2629, 189, '2025-01-28', 'half', 'first_half', '08:00:00', '14:00:00', '2025-07-13 11:44:20', '2025-07-13 11:44:20');
INSERT INTO `bookings` (`id`, `user_id`, `booking_date`, `booking_type`, `half_day_type`, `start_time`, `end_time`, `created_at`, `updated_at`) VALUES
(2628, 170, '2024-10-15', 'half', 'first_half', '08:00:00', '14:00:00', '2025-07-13 11:44:20', '2025-07-13 11:44:20'),
(2627, 197, '2025-05-30', 'full', NULL, '09:00:00', '18:00:00', '2025-07-13 11:44:20', '2025-07-13 11:44:20'),
(2626, 116, '2025-03-08', 'custom', NULL, '09:28:27', '12:28:27', '2025-07-13 11:44:20', '2025-07-13 11:44:20'),
(2625, 84, '2025-05-22', 'full', NULL, '09:00:00', '18:00:00', '2025-07-13 11:44:20', '2025-07-13 11:44:20'),
(2624, 51, '2024-09-12', 'custom', NULL, '10:36:46', '11:36:46', '2025-07-13 11:44:20', '2025-07-13 11:44:20'),
(2623, 104, '2025-04-04', 'full', NULL, '09:00:00', '18:00:00', '2025-07-13 11:44:20', '2025-07-13 11:44:20'),
(2622, 91, '2025-06-30', 'half', 'second_half', '14:00:00', '18:00:00', '2025-07-13 11:44:20', '2025-07-13 11:44:20'),
(2621, 165, '2024-11-26', 'full', NULL, '09:00:00', '18:00:00', '2025-07-13 11:44:20', '2025-07-13 11:44:20'),
(2620, 51, '2025-06-20', 'custom', NULL, '23:17:42', '02:17:42', '2025-07-13 11:44:20', '2025-07-13 11:44:20'),
(2619, 26, '2025-03-12', 'full', NULL, '09:00:00', '18:00:00', '2025-07-13 11:44:20', '2025-07-13 11:44:20'),
(2618, 149, '2024-08-03', 'full', NULL, '09:00:00', '18:00:00', '2025-07-13 11:44:20', '2025-07-13 11:44:20'),
(2617, 12, '2025-06-24', 'custom', NULL, '17:59:14', '18:59:14', '2025-07-13 11:44:20', '2025-07-13 11:44:20'),
(2616, 181, '2025-05-02', 'custom', NULL, '07:13:51', '09:13:51', '2025-07-13 11:44:20', '2025-07-13 11:44:20'),
(2615, 96, '2025-03-09', 'full', NULL, '09:00:00', '18:00:00', '2025-07-13 11:44:20', '2025-07-13 11:44:20'),
(2614, 59, '2024-07-26', 'custom', NULL, '21:26:52', '22:26:52', '2025-07-13 11:44:20', '2025-07-13 11:44:20'),
(2613, 137, '2025-05-15', 'custom', NULL, '20:36:49', '21:36:49', '2025-07-13 11:44:20', '2025-07-13 11:44:20'),
(2612, 108, '2025-03-11', 'custom', NULL, '07:38:21', '09:38:21', '2025-07-13 11:44:20', '2025-07-13 11:44:20'),
(2611, 52, '2025-06-15', 'half', 'first_half', '08:00:00', '14:00:00', '2025-07-13 11:44:20', '2025-07-13 11:44:20'),
(2610, 140, '2024-09-02', 'full', NULL, '09:00:00', '18:00:00', '2025-07-13 11:44:20', '2025-07-13 11:44:20'),
(2609, 27, '2024-11-03', 'full', NULL, '09:00:00', '18:00:00', '2025-07-13 11:44:20', '2025-07-13 11:44:20'),
(2608, 159, '2024-10-15', 'half', 'second_half', '14:00:00', '18:00:00', '2025-07-13 11:44:20', '2025-07-13 11:44:20'),
(2607, 136, '2024-09-28', 'half', 'second_half', '14:00:00', '18:00:00', '2025-07-13 11:44:20', '2025-07-13 11:44:20'),
(2606, 121, '2024-08-22', 'full', NULL, '09:00:00', '18:00:00', '2025-07-13 11:44:20', '2025-07-13 11:44:20'),
(2605, 12, '2025-05-14', 'half', 'second_half', '14:00:00', '18:00:00', '2025-07-13 11:44:20', '2025-07-13 11:44:20'),
(2604, 5, '2025-03-06', 'half', 'second_half', '14:00:00', '18:00:00', '2025-07-13 11:44:20', '2025-07-13 11:44:20'),
(2603, 156, '2025-07-03', 'custom', NULL, '21:49:54', '22:49:54', '2025-07-13 11:44:20', '2025-07-13 11:44:20'),
(2602, 116, '2024-08-05', 'full', NULL, '09:00:00', '18:00:00', '2025-07-13 11:44:20', '2025-07-13 11:44:20'),
(2601, 125, '2025-01-23', 'full', NULL, '09:00:00', '18:00:00', '2025-07-13 11:44:20', '2025-07-13 11:44:20'),
(2600, 31, '2024-09-10', 'custom', NULL, '23:11:10', '00:11:10', '2025-07-13 11:44:20', '2025-07-13 11:44:20'),
(2599, 194, '2025-05-15', 'half', 'second_half', '14:00:00', '18:00:00', '2025-07-13 11:44:20', '2025-07-13 11:44:20'),
(2598, 58, '2025-01-05', 'half', 'second_half', '14:00:00', '18:00:00', '2025-07-13 11:44:19', '2025-07-13 11:44:19'),
(2597, 85, '2025-06-22', 'custom', NULL, '13:36:27', '15:36:27', '2025-07-13 11:44:19', '2025-07-13 11:44:19'),
(2596, 26, '2024-07-15', 'full', NULL, '09:00:00', '18:00:00', '2025-07-13 11:44:19', '2025-07-13 11:44:19'),
(2595, 5, '2024-09-25', 'custom', NULL, '17:59:18', '20:59:18', '2025-07-13 11:44:19', '2025-07-13 11:44:19'),
(2594, 91, '2025-01-04', 'full', NULL, '09:00:00', '18:00:00', '2025-07-13 11:44:19', '2025-07-13 11:44:19'),
(2593, 107, '2025-04-05', 'custom', NULL, '03:07:08', '06:07:08', '2025-07-13 11:44:19', '2025-07-13 11:44:19'),
(2592, 87, '2025-04-24', 'full', NULL, '09:00:00', '18:00:00', '2025-07-13 11:44:19', '2025-07-13 11:44:19'),
(2591, 24, '2025-04-26', 'custom', NULL, '23:54:09', '02:54:09', '2025-07-13 11:44:19', '2025-07-13 11:44:19'),
(2590, 123, '2024-10-27', 'custom', NULL, '16:24:38', '19:24:38', '2025-07-13 11:44:19', '2025-07-13 11:44:19'),
(2589, 105, '2024-11-06', 'full', NULL, '09:00:00', '18:00:00', '2025-07-13 11:44:19', '2025-07-13 11:44:19'),
(2588, 101, '2024-08-26', 'full', NULL, '09:00:00', '18:00:00', '2025-07-13 11:44:19', '2025-07-13 11:44:19'),
(2587, 173, '2025-03-30', 'full', NULL, '09:00:00', '18:00:00', '2025-07-13 11:44:19', '2025-07-13 11:44:19'),
(2586, 69, '2024-09-23', 'half', 'second_half', '14:00:00', '18:00:00', '2025-07-13 11:44:19', '2025-07-13 11:44:19'),
(2585, 52, '2025-05-20', 'custom', NULL, '14:35:06', '16:35:06', '2025-07-13 11:44:19', '2025-07-13 11:44:19'),
(2584, 14, '2025-01-19', 'full', NULL, '09:00:00', '18:00:00', '2025-07-13 11:44:19', '2025-07-13 11:44:19'),
(2583, 116, '2025-03-10', 'half', 'first_half', '08:00:00', '14:00:00', '2025-07-13 11:44:19', '2025-07-13 11:44:19'),
(2582, 67, '2025-07-09', 'full', NULL, '09:00:00', '18:00:00', '2025-07-13 11:44:19', '2025-07-13 11:44:19'),
(2581, 177, '2025-02-12', 'full', NULL, '09:00:00', '18:00:00', '2025-07-13 11:44:19', '2025-07-13 11:44:19'),
(2580, 133, '2024-08-20', 'custom', NULL, '23:32:50', '02:32:50', '2025-07-13 11:44:19', '2025-07-13 11:44:19'),
(2579, 69, '2025-04-22', 'half', 'second_half', '14:00:00', '18:00:00', '2025-07-13 11:44:19', '2025-07-13 11:44:19'),
(2578, 82, '2024-08-21', 'half', 'second_half', '14:00:00', '18:00:00', '2025-07-13 11:44:19', '2025-07-13 11:44:19'),
(2577, 57, '2025-03-03', 'half', 'first_half', '08:00:00', '14:00:00', '2025-07-13 11:44:19', '2025-07-13 11:44:19'),
(2576, 167, '2025-06-08', 'custom', NULL, '17:21:04', '19:21:04', '2025-07-13 11:44:19', '2025-07-13 11:44:19'),
(2575, 21, '2024-12-06', 'full', NULL, '09:00:00', '18:00:00', '2025-07-13 11:44:19', '2025-07-13 11:44:19'),
(2574, 17, '2024-09-04', 'half', 'first_half', '08:00:00', '14:00:00', '2025-07-13 11:44:19', '2025-07-13 11:44:19'),
(2573, 189, '2025-01-23', 'half', 'second_half', '14:00:00', '18:00:00', '2025-07-13 11:44:19', '2025-07-13 11:44:19'),
(2572, 123, '2025-06-18', 'custom', NULL, '04:27:32', '05:27:32', '2025-07-13 11:44:19', '2025-07-13 11:44:19'),
(2571, 115, '2024-09-23', 'custom', NULL, '06:27:14', '07:27:14', '2025-07-13 11:44:19', '2025-07-13 11:44:19'),
(2570, 37, '2025-07-05', 'half', 'first_half', '08:00:00', '14:00:00', '2025-07-13 11:44:19', '2025-07-13 11:44:19'),
(2569, 64, '2024-10-12', 'full', NULL, '09:00:00', '18:00:00', '2025-07-13 11:44:19', '2025-07-13 11:44:19'),
(2568, 176, '2024-11-29', 'custom', NULL, '22:13:45', '00:13:45', '2025-07-13 11:44:19', '2025-07-13 11:44:19'),
(2567, 83, '2025-01-18', 'half', 'second_half', '14:00:00', '18:00:00', '2025-07-13 11:44:19', '2025-07-13 11:44:19'),
(2566, 40, '2024-11-19', 'full', NULL, '09:00:00', '18:00:00', '2025-07-13 11:44:19', '2025-07-13 11:44:19'),
(2565, 10, '2024-08-14', 'full', NULL, '09:00:00', '18:00:00', '2025-07-13 11:44:19', '2025-07-13 11:44:19'),
(2564, 30, '2025-01-03', 'full', NULL, '09:00:00', '18:00:00', '2025-07-13 11:44:19', '2025-07-13 11:44:19'),
(2563, 119, '2025-06-09', 'custom', NULL, '14:40:12', '17:40:12', '2025-07-13 11:44:19', '2025-07-13 11:44:19'),
(2562, 142, '2024-10-13', 'full', NULL, '09:00:00', '18:00:00', '2025-07-13 11:44:19', '2025-07-13 11:44:19'),
(2561, 77, '2025-03-22', 'half', 'second_half', '14:00:00', '18:00:00', '2025-07-13 11:44:19', '2025-07-13 11:44:19'),
(2560, 152, '2024-10-03', 'half', 'first_half', '08:00:00', '14:00:00', '2025-07-13 11:44:19', '2025-07-13 11:44:19'),
(2559, 159, '2024-09-06', 'full', NULL, '09:00:00', '18:00:00', '2025-07-13 11:44:19', '2025-07-13 11:44:19'),
(2558, 83, '2024-11-03', 'custom', NULL, '17:31:48', '18:31:48', '2025-07-13 11:44:19', '2025-07-13 11:44:19'),
(2557, 99, '2025-05-01', 'custom', NULL, '23:06:59', '01:06:59', '2025-07-13 11:44:19', '2025-07-13 11:44:19'),
(2556, 118, '2025-05-13', 'half', 'first_half', '08:00:00', '14:00:00', '2025-07-13 11:44:19', '2025-07-13 11:44:19'),
(2555, 33, '2025-03-07', 'half', 'second_half', '14:00:00', '18:00:00', '2025-07-13 11:44:19', '2025-07-13 11:44:19'),
(2554, 159, '2024-12-15', 'full', NULL, '09:00:00', '18:00:00', '2025-07-13 11:44:19', '2025-07-13 11:44:19'),
(2553, 102, '2024-10-16', 'full', NULL, '09:00:00', '18:00:00', '2025-07-13 11:44:19', '2025-07-13 11:44:19'),
(2552, 56, '2025-04-19', 'full', NULL, '09:00:00', '18:00:00', '2025-07-13 11:44:19', '2025-07-13 11:44:19'),
(2551, 103, '2025-03-09', 'full', NULL, '09:00:00', '18:00:00', '2025-07-13 11:44:19', '2025-07-13 11:44:19'),
(2550, 126, '2024-09-12', 'custom', NULL, '15:00:23', '18:00:23', '2025-07-13 11:44:19', '2025-07-13 11:44:19'),
(2549, 33, '2025-06-13', 'full', NULL, '09:00:00', '18:00:00', '2025-07-13 11:44:19', '2025-07-13 11:44:19'),
(2548, 57, '2025-01-31', 'full', NULL, '09:00:00', '18:00:00', '2025-07-13 11:44:19', '2025-07-13 11:44:19'),
(2547, 51, '2025-02-06', 'full', NULL, '09:00:00', '18:00:00', '2025-07-13 11:44:19', '2025-07-13 11:44:19'),
(2546, 141, '2025-05-01', 'half', 'first_half', '08:00:00', '14:00:00', '2025-07-13 11:44:19', '2025-07-13 11:44:19'),
(2545, 96, '2025-02-24', 'half', 'second_half', '14:00:00', '18:00:00', '2025-07-13 11:44:19', '2025-07-13 11:44:19'),
(2544, 70, '2024-09-30', 'full', NULL, '09:00:00', '18:00:00', '2025-07-13 11:44:19', '2025-07-13 11:44:19'),
(2543, 127, '2025-03-17', 'custom', NULL, '04:08:59', '07:08:59', '2025-07-13 11:44:19', '2025-07-13 11:44:19'),
(2542, 112, '2025-05-21', 'full', NULL, '09:00:00', '18:00:00', '2025-07-13 11:44:19', '2025-07-13 11:44:19'),
(2541, 46, '2025-03-14', 'full', NULL, '09:00:00', '18:00:00', '2025-07-13 11:44:19', '2025-07-13 11:44:19'),
(2540, 72, '2025-04-06', 'half', 'second_half', '14:00:00', '18:00:00', '2025-07-13 11:44:19', '2025-07-13 11:44:19'),
(2539, 174, '2025-05-29', 'custom', NULL, '16:13:46', '17:13:46', '2025-07-13 11:44:19', '2025-07-13 11:44:19'),
(2538, 140, '2025-06-06', 'custom', NULL, '07:12:34', '09:12:34', '2025-07-13 11:44:19', '2025-07-13 11:44:19'),
(2537, 89, '2025-02-16', 'half', 'second_half', '14:00:00', '18:00:00', '2025-07-13 11:44:19', '2025-07-13 11:44:19'),
(2536, 183, '2024-07-29', 'custom', NULL, '20:06:01', '23:06:01', '2025-07-13 11:44:19', '2025-07-13 11:44:19'),
(2535, 176, '2024-09-01', 'half', 'second_half', '14:00:00', '18:00:00', '2025-07-13 11:44:19', '2025-07-13 11:44:19'),
(2534, 131, '2024-09-08', 'half', 'first_half', '08:00:00', '14:00:00', '2025-07-13 11:44:19', '2025-07-13 11:44:19'),
(2533, 182, '2024-12-30', 'half', 'second_half', '14:00:00', '18:00:00', '2025-07-13 11:44:19', '2025-07-13 11:44:19'),
(2532, 194, '2025-07-04', 'custom', NULL, '15:57:18', '18:57:18', '2025-07-13 11:44:19', '2025-07-13 11:44:19'),
(2531, 177, '2025-06-23', 'half', 'first_half', '08:00:00', '14:00:00', '2025-07-13 11:44:19', '2025-07-13 11:44:19'),
(2530, 182, '2025-07-08', 'custom', NULL, '07:38:16', '09:38:16', '2025-07-13 11:44:19', '2025-07-13 11:44:19'),
(2529, 147, '2024-10-02', 'half', 'first_half', '08:00:00', '14:00:00', '2025-07-13 11:44:19', '2025-07-13 11:44:19'),
(2528, 168, '2025-04-24', 'custom', NULL, '17:32:38', '19:32:38', '2025-07-13 11:44:19', '2025-07-13 11:44:19'),
(2527, 96, '2025-06-04', 'half', 'first_half', '08:00:00', '14:00:00', '2025-07-13 11:44:19', '2025-07-13 11:44:19'),
(2526, 118, '2024-11-22', 'full', NULL, '09:00:00', '18:00:00', '2025-07-13 11:44:19', '2025-07-13 11:44:19'),
(2525, 198, '2025-05-14', 'half', 'first_half', '08:00:00', '14:00:00', '2025-07-13 11:44:19', '2025-07-13 11:44:19'),
(2524, 7, '2024-12-23', 'custom', NULL, '08:45:01', '09:45:01', '2025-07-13 11:44:19', '2025-07-13 11:44:19'),
(2523, 105, '2024-12-18', 'full', NULL, '09:00:00', '18:00:00', '2025-07-13 11:44:19', '2025-07-13 11:44:19'),
(2522, 39, '2025-04-18', 'custom', NULL, '15:16:13', '16:16:13', '2025-07-13 11:44:19', '2025-07-13 11:44:19'),
(2521, 17, '2025-07-09', 'custom', NULL, '00:22:11', '01:22:11', '2025-07-13 11:44:19', '2025-07-13 11:44:19'),
(2520, 11, '2024-09-15', 'half', 'first_half', '08:00:00', '14:00:00', '2025-07-13 11:44:19', '2025-07-13 11:44:19'),
(2519, 94, '2025-05-16', 'half', 'second_half', '14:00:00', '18:00:00', '2025-07-13 11:44:19', '2025-07-13 11:44:19'),
(2518, 182, '2025-02-09', 'custom', NULL, '07:36:23', '09:36:23', '2025-07-13 11:44:19', '2025-07-13 11:44:19'),
(2517, 36, '2025-03-03', 'half', 'first_half', '08:00:00', '14:00:00', '2025-07-13 11:44:19', '2025-07-13 11:44:19'),
(2516, 110, '2025-05-31', 'full', NULL, '09:00:00', '18:00:00', '2025-07-13 11:44:19', '2025-07-13 11:44:19'),
(2515, 17, '2025-03-08', 'custom', NULL, '04:34:36', '06:34:36', '2025-07-13 11:44:19', '2025-07-13 11:44:19'),
(2514, 183, '2025-03-25', 'custom', NULL, '10:55:20', '13:55:20', '2025-07-13 11:44:19', '2025-07-13 11:44:19'),
(3013, 38, '2024-07-25', 'half', 'first_half', '08:00:00', '14:00:00', '2025-07-13 11:44:20', '2025-07-13 11:44:20');

-- --------------------------------------------------------

--
-- Table structure for table `cache`
--

DROP TABLE IF EXISTS `cache`;
CREATE TABLE IF NOT EXISTS `cache` (
  `key` varchar(191) COLLATE utf8mb4_unicode_ci NOT NULL,
  `value` mediumtext COLLATE utf8mb4_unicode_ci NOT NULL,
  `expiration` int NOT NULL,
  PRIMARY KEY (`key`)
) ENGINE=MyISAM DEFAULT CHARSET=utf8mb4 COLLATE=utf8mb4_unicode_ci;

--
-- Dumping data for table `cache`
--

INSERT INTO `cache` (`key`, `value`, `expiration`) VALUES
('laravel-cache-356a192b7913b04c54574d18c28d46e6395428ab:timer', 'i:1752413009;', 1752413009),
('laravel-cache-356a192b7913b04c54574d18c28d46e6395428ab', 'i:1;', 1752413009),
('laravel-cache-da4b9237bacccdf19c0760cab7aec4a8359010b0:timer', 'i:1752413830;', 1752413830),
('laravel-cache-da4b9237bacccdf19c0760cab7aec4a8359010b0', 'i:2;', 1752413830),
('laravel-cache-admin@example.com|127.0.0.1:timer', 'i:1752423932;', 1752423932),
('laravel-cache-admin@example.com|127.0.0.1', 'i:2;', 1752423932);

-- --------------------------------------------------------

--
-- Table structure for table `cache_locks`
--

DROP TABLE IF EXISTS `cache_locks`;
CREATE TABLE IF NOT EXISTS `cache_locks` (
  `key` varchar(191) COLLATE utf8mb4_unicode_ci NOT NULL,
  `owner` varchar(191) COLLATE utf8mb4_unicode_ci NOT NULL,
  `expiration` int NOT NULL,
  PRIMARY KEY (`key`)
) ENGINE=MyISAM DEFAULT CHARSET=utf8mb4 COLLATE=utf8mb4_unicode_ci;

-- --------------------------------------------------------

--
-- Table structure for table `failed_jobs`
--

DROP TABLE IF EXISTS `failed_jobs`;
CREATE TABLE IF NOT EXISTS `failed_jobs` (
  `id` bigint UNSIGNED NOT NULL AUTO_INCREMENT,
  `uuid` varchar(191) COLLATE utf8mb4_unicode_ci NOT NULL,
  `connection` text COLLATE utf8mb4_unicode_ci NOT NULL,
  `queue` text COLLATE utf8mb4_unicode_ci NOT NULL,
  `payload` longtext COLLATE utf8mb4_unicode_ci NOT NULL,
  `exception` longtext COLLATE utf8mb4_unicode_ci NOT NULL,
  `failed_at` timestamp NOT NULL DEFAULT CURRENT_TIMESTAMP,
  PRIMARY KEY (`id`),
  UNIQUE KEY `failed_jobs_uuid_unique` (`uuid`)
) ENGINE=MyISAM DEFAULT CHARSET=utf8mb4 COLLATE=utf8mb4_unicode_ci;

-- --------------------------------------------------------

--
-- Table structure for table `jobs`
--

DROP TABLE IF EXISTS `jobs`;
CREATE TABLE IF NOT EXISTS `jobs` (
  `id` bigint UNSIGNED NOT NULL AUTO_INCREMENT,
  `queue` varchar(191) COLLATE utf8mb4_unicode_ci NOT NULL,
  `payload` longtext COLLATE utf8mb4_unicode_ci NOT NULL,
  `attempts` tinyint UNSIGNED NOT NULL,
  `reserved_at` int UNSIGNED DEFAULT NULL,
  `available_at` int UNSIGNED NOT NULL,
  `created_at` int UNSIGNED NOT NULL,
  PRIMARY KEY (`id`),
  KEY `jobs_queue_index` (`queue`)
) ENGINE=MyISAM DEFAULT CHARSET=utf8mb4 COLLATE=utf8mb4_unicode_ci;

-- --------------------------------------------------------

--
-- Table structure for table `job_batches`
--

DROP TABLE IF EXISTS `job_batches`;
CREATE TABLE IF NOT EXISTS `job_batches` (
  `id` varchar(191) COLLATE utf8mb4_unicode_ci NOT NULL,
  `name` varchar(191) COLLATE utf8mb4_unicode_ci NOT NULL,
  `total_jobs` int NOT NULL,
  `pending_jobs` int NOT NULL,
  `failed_jobs` int NOT NULL,
  `failed_job_ids` longtext COLLATE utf8mb4_unicode_ci NOT NULL,
  `options` mediumtext COLLATE utf8mb4_unicode_ci,
  `cancelled_at` int DEFAULT NULL,
  `created_at` int NOT NULL,
  `finished_at` int DEFAULT NULL,
  PRIMARY KEY (`id`)
) ENGINE=MyISAM DEFAULT CHARSET=utf8mb4 COLLATE=utf8mb4_unicode_ci;

-- --------------------------------------------------------

--
-- Table structure for table `migrations`
--

DROP TABLE IF EXISTS `migrations`;
CREATE TABLE IF NOT EXISTS `migrations` (
  `id` int UNSIGNED NOT NULL AUTO_INCREMENT,
  `migration` varchar(191) COLLATE utf8mb4_unicode_ci NOT NULL,
  `batch` int NOT NULL,
  PRIMARY KEY (`id`)
) ENGINE=MyISAM AUTO_INCREMENT=6 DEFAULT CHARSET=utf8mb4 COLLATE=utf8mb4_unicode_ci;

--
-- Dumping data for table `migrations`
--

INSERT INTO `migrations` (`id`, `migration`, `batch`) VALUES
(1, '0001_01_01_000000_create_users_table', 1),
(2, '0001_01_01_000001_create_cache_table', 1),
(3, '0001_01_01_000002_create_jobs_table', 1),
(4, '2025_07_13_130755_create_bookings_table', 1),
(5, '2025_07_13_161423_create_admins_table', 2);

-- --------------------------------------------------------

--
-- Table structure for table `password_reset_tokens`
--

DROP TABLE IF EXISTS `password_reset_tokens`;
CREATE TABLE IF NOT EXISTS `password_reset_tokens` (
  `email` varchar(191) COLLATE utf8mb4_unicode_ci NOT NULL,
  `token` varchar(191) COLLATE utf8mb4_unicode_ci NOT NULL,
  `created_at` timestamp NULL DEFAULT NULL,
  PRIMARY KEY (`email`)
) ENGINE=MyISAM DEFAULT CHARSET=utf8mb4 COLLATE=utf8mb4_unicode_ci;

-- --------------------------------------------------------

--
-- Table structure for table `sessions`
--

DROP TABLE IF EXISTS `sessions`;
CREATE TABLE IF NOT EXISTS `sessions` (
  `id` varchar(191) COLLATE utf8mb4_unicode_ci NOT NULL,
  `user_id` bigint UNSIGNED DEFAULT NULL,
  `ip_address` varchar(45) COLLATE utf8mb4_unicode_ci DEFAULT NULL,
  `user_agent` text COLLATE utf8mb4_unicode_ci,
  `payload` longtext COLLATE utf8mb4_unicode_ci NOT NULL,
  `last_activity` int NOT NULL,
  PRIMARY KEY (`id`),
  KEY `sessions_user_id_index` (`user_id`),
  KEY `sessions_last_activity_index` (`last_activity`)
) ENGINE=MyISAM DEFAULT CHARSET=utf8mb4 COLLATE=utf8mb4_unicode_ci;

--
-- Dumping data for table `sessions`
--

INSERT INTO `sessions` (`id`, `user_id`, `ip_address`, `user_agent`, `payload`, `last_activity`) VALUES
('bUzfOYLzpFHhlxZQy99whl6RlMMXtF7d5q9gsd8d', 1, '127.0.0.1', 'Mozilla/5.0 (Windows NT 10.0; Win64; x64) AppleWebKit/537.36 (KHTML, like Gecko) Chrome/138.0.0.0 Safari/537.36', 'YTo0OntzOjY6Il90b2tlbiI7czo0MDoiSVZUeHI1YjRrS2d1WDhGQ1hwVmFLNW8yTHhCdmh5d1NvWHZHZkQ4WCI7czo2OiJfZmxhc2giO2E6Mjp7czozOiJvbGQiO2E6MDp7fXM6MzoibmV3IjthOjA6e319czo5OiJfcHJldmlvdXMiO2E6MTp7czozOiJ1cmwiO3M6Mzc6Imh0dHA6Ly8xMjcuMC4wLjE6ODAwMC9hZG1pbi9kYXNoYm9hcmQiO31zOjUyOiJsb2dpbl9hZG1pbl81OWJhMzZhZGRjMmIyZjk0MDE1ODBmMDE0YzdmNThlYTRlMzA5ODlkIjtpOjE7fQ==', 1752426548),
('GMwEzBU6DYGYgPDsD7XJcC8HMyL7Q879IaV1OEY4', 1, '127.0.0.1', 'Mozilla/5.0 (Windows NT 10.0; Win64; x64) AppleWebKit/537.36 (KHTML, like Gecko) Chrome/138.0.0.0 Safari/537.36', 'YTo0OntzOjY6Il90b2tlbiI7czo0MDoidkYwbG9JamtnNzBKOHNkOUVqdmE0UW9qWnVob2RmVnNPckg3UFNqZiI7czo2OiJfZmxhc2giO2E6Mjp7czozOiJvbGQiO2E6MDp7fXM6MzoibmV3IjthOjA6e319czo5OiJfcHJldmlvdXMiO2E6MTp7czozOiJ1cmwiO3M6MzE6Imh0dHA6Ly8xMjcuMC4wLjE6ODAwMC9kYXNoYm9hcmQiO31zOjUwOiJsb2dpbl93ZWJfNTliYTM2YWRkYzJiMmY5NDAxNTgwZjAxNGM3ZjU4ZWE0ZTMwOTg5ZCI7aToxO30=', 1752426891);

-- --------------------------------------------------------

--
-- Table structure for table `users`
--

DROP TABLE IF EXISTS `users`;
CREATE TABLE IF NOT EXISTS `users` (
  `id` bigint UNSIGNED NOT NULL AUTO_INCREMENT,
  `name` varchar(191) COLLATE utf8mb4_unicode_ci NOT NULL,
  `email` varchar(191) COLLATE utf8mb4_unicode_ci NOT NULL,
  `email_verified_at` timestamp NULL DEFAULT NULL,
  `password` varchar(191) COLLATE utf8mb4_unicode_ci NOT NULL,
  `remember_token` varchar(100) COLLATE utf8mb4_unicode_ci DEFAULT NULL,
  `created_at` timestamp NULL DEFAULT NULL,
  `updated_at` timestamp NULL DEFAULT NULL,
  PRIMARY KEY (`id`),
  UNIQUE KEY `users_email_unique` (`email`)
) ENGINE=MyISAM AUTO_INCREMENT=203 DEFAULT CHARSET=utf8mb4 COLLATE=utf8mb4_unicode_ci;

--
-- Dumping data for table `users`
--

INSERT INTO `users` (`id`, `name`, `email`, `email_verified_at`, `password`, `remember_token`, `created_at`, `updated_at`) VALUES
(1, 'bhupat', 'bhupatvatukiya1@gmail.com', '2025-07-13 07:52:29', '$2y$12$mbLnisOc0QGq.V/ycTZINuetlHPE7vuNpSwS8lJ8hYQolqGha8uSS', NULL, '2025-07-13 07:51:45', '2025-07-13 07:52:29'),
(2, 'jay', 'bvfacts68@gmail.com', '2025-07-13 08:06:25', '$2y$12$hYim9AvtRdOr8y9UOtNn2uunaq4qThi9GF4giAS3RZBdbnDoDeOwO', NULL, '2025-07-13 08:05:42', '2025-07-13 08:06:25'),
(3, 'Prof. Jadon Schaefer DDS', 'cmueller@example.net', '2025-07-13 10:42:31', '$2y$12$1k8E6x38cr0toIdBb24QZurTIWhhdjatt9Roz2P9ID7cNwhbv4tcO', 'w8aKWby9pQ', '2025-07-13 10:43:29', '2025-07-13 10:43:29'),
(4, 'Cleo Runte I', 'monahan.abbey@example.net', '2025-07-13 10:42:32', '$2y$12$28Gn5fuz4RBfcYyyJW7BVuoTK5L8nYNqz4rvD2.UZyf3uFjWA2fr2', '4P9JB3YxhQ', '2025-07-13 10:43:29', '2025-07-13 10:43:29'),
(5, 'Dr. Johnson D\'Amore', 'cbreitenberg@example.org', '2025-07-13 10:42:32', '$2y$12$770FuWFbIfoEUOLrII0sj.7O2D6MrMPlKWE1dwMZTiqrWzH0XR2SC', 'BBI6S4pCTF', '2025-07-13 10:43:29', '2025-07-13 10:43:29'),
(6, 'Mr. Angus Graham', 'tyrese74@example.org', '2025-07-13 10:42:32', '$2y$12$7hr1vvOoX/P8cSBdbAC3v.zC0PQHMWtkOY0996SVNTDJt7C6MVJQS', 'eKH1oYXQZC', '2025-07-13 10:43:29', '2025-07-13 10:43:29'),
(7, 'Bernita Wilkinson', 'abdullah62@example.net', '2025-07-13 10:42:32', '$2y$12$VaGhqHDf1shRNit8OShCZekWQ2XjkhBs4PSut4v8WFmqDFmGVBnIW', 'qCn8LdVBbo', '2025-07-13 10:43:29', '2025-07-13 10:43:29'),
(8, 'Naomie Roberts IV', 'ehaley@example.com', '2025-07-13 10:42:33', '$2y$12$0MNpiX7qezBGxxj0tCk6X.KkX/bUOJeF2wF0ofHYieMC12Y.oDDLO', 'QYtfWcDM0P', '2025-07-13 10:43:29', '2025-07-13 10:43:29'),
(9, 'Mr. Darren Olson', 'marquardt.milton@example.com', '2025-07-13 10:42:33', '$2y$12$l1xM3BsLnyZS8LoGSdBcHul.UeHJ3yVCbuSQPlrmP8HPo02W2gSlq', 'NSlnH6CUmq', '2025-07-13 10:43:29', '2025-07-13 10:43:29'),
(10, 'Destin Kilback', 'nhuel@example.com', '2025-07-13 10:42:33', '$2y$12$hXhVHbrs1PTaDEtOp5jSMOTgiQkxLCIOFxen3yRxcYWSSlWKDvknK', 'zxTjGBm4J2', '2025-07-13 10:43:29', '2025-07-13 10:43:29'),
(11, 'Dr. Edison McClure III', 'rkunze@example.com', '2025-07-13 10:42:34', '$2y$12$MuV2bvv5H9/lSJReebKTj.0H27B5S1EdSe2WWxxvVfAp9g/LOrPKO', '2g1LhnJb9b', '2025-07-13 10:43:29', '2025-07-13 10:43:29'),
(12, 'Jalon Schiller IV', 'nettie.labadie@example.org', '2025-07-13 10:42:34', '$2y$12$0CaMPjX4heU9wl78qTuOfuFlYF05zZDHOo5RjH/xnD2.unbF/SbVm', 'yJJMhEV6Ru', '2025-07-13 10:43:29', '2025-07-13 10:43:29'),
(13, 'Monique Schowalter', 'oking@example.org', '2025-07-13 10:42:34', '$2y$12$NUnPGsxOWl/FxFuA1U20h.WQlVSOeJVFnkO8c5yXO6bTSG03ULbUK', 'ZtY6nGEJP5', '2025-07-13 10:43:29', '2025-07-13 10:43:29'),
(14, 'Judah Hilpert', 'nelda.rath@example.net', '2025-07-13 10:42:34', '$2y$12$9J4dZ6W9acxjrzWyIuiW.Og9rwClO8Qezt1bu5UponocKGy1xo/2u', 'KLGfjhReG8', '2025-07-13 10:43:29', '2025-07-13 10:43:29'),
(15, 'Audie Stokes', 'bauch.kallie@example.com', '2025-07-13 10:42:35', '$2y$12$kql1ZGkhXiw8eLTWXQCiSOeAHp82rW8pXH6zWSeCnkztBGuEPqkeO', 'aYPwlsRYRu', '2025-07-13 10:43:29', '2025-07-13 10:43:29'),
(16, 'Mr. Lewis Beer Jr.', 'frank.okuneva@example.net', '2025-07-13 10:42:35', '$2y$12$HCpOIYp3qwzC94GxwEUs.Ox4k9wlpidSNgfZQ3lxe.DyEXMKCbGDS', 'CcgSrfAZqU', '2025-07-13 10:43:29', '2025-07-13 10:43:29'),
(17, 'Casper Price', 'janessa.bode@example.com', '2025-07-13 10:42:35', '$2y$12$i47BWr4tDVbsyyOmkooFeeWSA/YgknNCxJCUBHYdVPWihAJvPReuO', 'CWL5pO8CZJ', '2025-07-13 10:43:29', '2025-07-13 10:43:29'),
(18, 'Mr. Gonzalo Cremin', 'hlangworth@example.net', '2025-07-13 10:42:36', '$2y$12$hggs8De0iR4BaXXoGTzBguoGZjf4Cq34mcL9ZjNKmy9lrnu/wK4tS', 'tWWMyLfxtt', '2025-07-13 10:43:29', '2025-07-13 10:43:29'),
(19, 'Jacquelyn Kautzer', 'schroeder.watson@example.com', '2025-07-13 10:42:36', '$2y$12$w8DhxBKajEQOGDhEAplwnuhyFmJrc1H9RlXnN7D4nkmjVBUVl1/im', 'DBljAWgnlj', '2025-07-13 10:43:29', '2025-07-13 10:43:29'),
(20, 'Prof. Raymond Ritchie', 'glabadie@example.net', '2025-07-13 10:42:36', '$2y$12$EmUzi.OGGlR5nlcj07b5M.AjhKSZP85YvOPs/0n/L6NDPITdBSzPK', '5jC4hgI6iD', '2025-07-13 10:43:29', '2025-07-13 10:43:29'),
(21, 'Nicholas Waters Sr.', 'ptreutel@example.org', '2025-07-13 10:42:36', '$2y$12$7t61g50SgC9i9QZnwNLjyeeHZmb59VHRFrGTM0tPjldDrMOUyjaYS', '9u8Ivot8HC', '2025-07-13 10:43:29', '2025-07-13 10:43:29'),
(22, 'Clifford Crona', 'zulauf.jodie@example.net', '2025-07-13 10:42:37', '$2y$12$ANj/Z.QYrTryZcjfytF9UuDRKLWCgcZ.V9dRzy2SRLRr5DweDqvvK', 'NXQXVlIcSm', '2025-07-13 10:43:29', '2025-07-13 10:43:29'),
(23, 'Alan Abernathy', 'alexys.bogisich@example.com', '2025-07-13 10:42:37', '$2y$12$EEpaVuiA39Pd2IcfeI00.OkvjrUNX6.IpkUsTIAEHagGT0f0.aoDS', 'UqQb80uKxt', '2025-07-13 10:43:29', '2025-07-13 10:43:29'),
(24, 'Lindsey Brakus IV', 'emmie26@example.com', '2025-07-13 10:42:37', '$2y$12$2Py5wt3LK838qKydrCzMout1CveMeJdiLBGiNdrePtbXjMq6GjwTG', 'Pbm6txI5we', '2025-07-13 10:43:29', '2025-07-13 10:43:29'),
(25, 'Loma Koch', 'natalia02@example.net', '2025-07-13 10:42:37', '$2y$12$XspvkmgQb8va2GPan8mzxeoNnjoYmRt2CBJomt4wDDAwfz9vXBk/a', 'LrEEJT9cTl', '2025-07-13 10:43:29', '2025-07-13 10:43:29'),
(26, 'Aniyah Lowe', 'stokes.sim@example.net', '2025-07-13 10:42:38', '$2y$12$k9.stvnrCtBxPyfSHYXeUOKw1TWzfwtW4z93WlLmH4h1r1GIXIprS', 'NdvdIOOfV6', '2025-07-13 10:43:29', '2025-07-13 10:43:29'),
(27, 'Kelly Towne', 'ideckow@example.net', '2025-07-13 10:42:38', '$2y$12$eCp7A4M/eD0lDdhAqBmege2s7ZL0MMZdoLveJaegLMt9rE4KMUSz2', 'PfbEYzuAio', '2025-07-13 10:43:29', '2025-07-13 10:43:29'),
(28, 'Lillian Gutkowski', 'cjones@example.com', '2025-07-13 10:42:38', '$2y$12$S9JDXc5BDFVj3ULWWyiVge5YSkXFjgBjzG.ZDnO/ssoEkLYMx9tOC', 'zrsRDE4BlX', '2025-07-13 10:43:29', '2025-07-13 10:43:29'),
(29, 'Ramona Gleichner', 'runolfsdottir.manuela@example.net', '2025-07-13 10:42:39', '$2y$12$1BdGHgpZv6TIl/K.li1.u.eURSxyTNZegA0my4uqytLa5NuU27yrK', 'QtICkvp5zi', '2025-07-13 10:43:29', '2025-07-13 10:43:29'),
(30, 'Roberta Runte', 'brakus.elwyn@example.net', '2025-07-13 10:42:39', '$2y$12$rXVL2wq7zCrh2V9FW.l09euDD2JJ5Gxk5K/f0Xizni2FP/fg3kbyu', 'qdHczq0ybD', '2025-07-13 10:43:29', '2025-07-13 10:43:29'),
(31, 'Lois Waelchi', 'kkiehn@example.net', '2025-07-13 10:42:39', '$2y$12$yNr6Zg4v/EOLWwnsRAj3Auyi76aJZ/ccfIi8fZ5qpAlfXjChPikee', '8vSagkE64P', '2025-07-13 10:43:29', '2025-07-13 10:43:29'),
(32, 'Miss Fatima Rodriguez', 'feest.ricky@example.net', '2025-07-13 10:42:40', '$2y$12$BDRq8QpoIT088Z7VIjimD.YuhD5H/HVP7gxd8MPz6zjECK8idA1lO', '9IN5ZjDUT4', '2025-07-13 10:43:29', '2025-07-13 10:43:29'),
(33, 'Dr. Alden Kilback DVM', 'kertzmann.katelin@example.net', '2025-07-13 10:42:40', '$2y$12$hAKyDxTzCZncTIs.ww275OK9Vhcq9ERqxgjH6W8pPksNR4.rDp4KS', 'rf5LXQZLLh', '2025-07-13 10:43:29', '2025-07-13 10:43:29'),
(34, 'Lacy Strosin', 'davis.raquel@example.org', '2025-07-13 10:42:40', '$2y$12$VmWaNDDMqQfXYHCS9lFYC./hFXZMg7Dgjdh5xsMccPYtkfriu7JR.', 'Hxn61GI0Jg', '2025-07-13 10:43:29', '2025-07-13 10:43:29'),
(35, 'Lorenza Simonis IV', 'ethel17@example.net', '2025-07-13 10:42:40', '$2y$12$kjsJPKAT3TzUa.9jsm777u4okJACGtGgjv5ruC00.EmkSFJyAwyKu', 'Dktrgyi64t', '2025-07-13 10:43:29', '2025-07-13 10:43:29'),
(36, 'Lelah Rohan', 'deborah50@example.com', '2025-07-13 10:42:41', '$2y$12$egg1zATtS/RT2ZJDyFKbu.gHxGzoP2FKG/Y58/IzBm3K9cHIpMb8W', '4kYHZHoIRx', '2025-07-13 10:43:29', '2025-07-13 10:43:29'),
(37, 'Esmeralda Bayer', 'kariane.miller@example.net', '2025-07-13 10:42:41', '$2y$12$kXfMQODnDEuinMDnHhPyDeKMbcfCvKKBoeKXKgIIl2nXdR7QCCTIW', 'gRE4f2Gg4p', '2025-07-13 10:43:29', '2025-07-13 10:43:29'),
(38, 'Michael Shanahan', 'rudolph55@example.org', '2025-07-13 10:42:41', '$2y$12$7moP154f3UYg6Mi1kZDGJuGAi57qcPVxNutOUJnyiF.CBUJchMewq', 'BarLqpiOwc', '2025-07-13 10:43:29', '2025-07-13 10:43:29'),
(39, 'Prof. Cary Schmitt MD', 'gmills@example.net', '2025-07-13 10:42:42', '$2y$12$936MBZSkZNa9kIfp.HKR/OMnlX4OK2KrLfBGIGzXF8mmtbDt.fQPm', 'dpaSXLAmcl', '2025-07-13 10:43:29', '2025-07-13 10:43:29'),
(40, 'Prof. Emilie Schulist V', 'harold79@example.net', '2025-07-13 10:42:42', '$2y$12$iNkORjiRrbdrE3IouArt4Ojtkon6fMlP4lkoJWfzMI9h0/9N1owzW', 'aR86s1bUx9', '2025-07-13 10:43:29', '2025-07-13 10:43:29'),
(41, 'Dr. Deangelo Keeling', 'lenny.nikolaus@example.org', '2025-07-13 10:42:42', '$2y$12$KBzcKa9FQSQwERmcszoG/OF1m.AlG57zcCqclevHdIXJ7vB7FAyBu', 'feYhmUgf1f', '2025-07-13 10:43:29', '2025-07-13 10:43:29'),
(42, 'Mr. Terrance King', 'katrine.hane@example.net', '2025-07-13 10:42:42', '$2y$12$xI.DurLEj9kekwQaoSHnHOATMGfhJG4pum5u78XGaRJWr8jIYx/3m', '92aibYiAsC', '2025-07-13 10:43:29', '2025-07-13 10:43:29'),
(43, 'Nikko Casper', 'loy46@example.net', '2025-07-13 10:42:43', '$2y$12$/NH5mzTvpLM1COe.zGq8VuD4RyUAoBW6k9pKs4z6HGOpIR3wPbFC6', 'CpF4tfpzxF', '2025-07-13 10:43:29', '2025-07-13 10:43:29'),
(44, 'Wallace Huel DVM', 'schinner.damaris@example.net', '2025-07-13 10:42:43', '$2y$12$xDucHxWHz9ev3hSm/O9Giu58MwBPGAXA8PNreyupjNPQ1O2aCN0Vm', 'mkMUDTLoQB', '2025-07-13 10:43:29', '2025-07-13 10:43:29'),
(45, 'Mr. Kelton Gulgowski PhD', 'bbecker@example.org', '2025-07-13 10:42:43', '$2y$12$H4G0hs/LSNlVtlqxzuZsre/qiqom6gtQ/gzFcNFafm3ikhhPb/p5y', 'FQmsZk9LMo', '2025-07-13 10:43:29', '2025-07-13 10:43:29'),
(46, 'Theresa Hegmann', 'pierce.rogahn@example.com', '2025-07-13 10:42:44', '$2y$12$OUZkwrzuLaYQRdwlSsyWXu3PtafP4wMJrcTLErrKGnib0WBuBctLS', 'HGveG8geJJ', '2025-07-13 10:43:29', '2025-07-13 10:43:29'),
(47, 'Flossie Smitham DVM', 'fisher.anita@example.org', '2025-07-13 10:42:44', '$2y$12$5BO7c6WqKRkQonKrBORfU.Zvi8uKL7fx/MdI6ESgNrO.aWIRALtlC', 'VIPW450jya', '2025-07-13 10:43:29', '2025-07-13 10:43:29'),
(48, 'Mathias Leannon PhD', 'schneider.christina@example.com', '2025-07-13 10:42:44', '$2y$12$zuLNybyd.m54p/E4oddLTuIAwvqgMslt.xp8sA6EGiAFe2ie2/pIC', 'lwpnaiBYTy', '2025-07-13 10:43:29', '2025-07-13 10:43:29'),
(49, 'Vella Reichel', 'bkutch@example.com', '2025-07-13 10:42:44', '$2y$12$oFbvoStqXW6k79ZQYiq2eO5HToGFbUqrtmN0AKm7KYW.9rGK5NAtW', 'jsqbiwL7pL', '2025-07-13 10:43:29', '2025-07-13 10:43:29'),
(50, 'Miss Emmie Zieme', 'nicolette.rice@example.net', '2025-07-13 10:42:45', '$2y$12$KyDQ/XG.H6CK1oBm/0Ek9erI9eXvFAQ5yETbRXkaCnbPKIG8Lt3aW', 'kcxceLsP4t', '2025-07-13 10:43:29', '2025-07-13 10:43:29'),
(51, 'Prof. Michaela Hoeger DDS', 'hosea04@example.com', '2025-07-13 10:42:45', '$2y$12$sj5UjKckw9/zFf9Ab18F6OdshUWCwwwFDnXZ2FkBu9lsIjf1P5eX.', 'yXmoPkk2Vl', '2025-07-13 10:43:29', '2025-07-13 10:43:29'),
(52, 'Miss Beverly Steuber II', 'osinski.brisa@example.com', '2025-07-13 10:42:45', '$2y$12$vBJdvG2wSyUUW8DnFyKOOuyn60bpTVYM1RxTseac0y1HJl0Zg6Sc.', 'lKUiQwFdDw', '2025-07-13 10:43:29', '2025-07-13 10:43:29'),
(53, 'Lila Swift DDS', 'bertha12@example.net', '2025-07-13 10:42:46', '$2y$12$CYkKUDeMuv14YDDkdcLKwu5tAdwJj3drtSvb87n8.IN1lvKNd.Yvu', 'ya2ZUGHhAL', '2025-07-13 10:43:29', '2025-07-13 10:43:29'),
(54, 'Carmine Frami', 'uglover@example.org', '2025-07-13 10:42:46', '$2y$12$mpSWSDige1/gLWZ.Zmx6YuuLSQfLQAGjm4roDn5Bl64a3CWhcWnsW', 'YfojX9T4Sd', '2025-07-13 10:43:29', '2025-07-13 10:43:29'),
(55, 'Ralph Conroy', 'sylvia47@example.net', '2025-07-13 10:42:46', '$2y$12$YWHiHtH3Jv4q8Gi/VT59RegbuIwWTnROttzAAkRKH7wAAItBr/IQa', 'f9YfeKaxvc', '2025-07-13 10:43:29', '2025-07-13 10:43:29'),
(56, 'Veronica Bosco', 'hyatt.lamont@example.org', '2025-07-13 10:42:47', '$2y$12$7IPFgBu78np6sPhRIrr.UOIj22mThNEN2pZpUV6PsJqqKdqE7Grdq', 'nk236zoznZ', '2025-07-13 10:43:29', '2025-07-13 10:43:29'),
(57, 'Priscilla Prohaska I', 'matt65@example.com', '2025-07-13 10:42:47', '$2y$12$7wVXBpc1KbvguM.EokZZcO5OaBKA0B7Rp4TnwLDPSeboL0553a62O', '8CVB0ng1Uy', '2025-07-13 10:43:29', '2025-07-13 10:43:29'),
(58, 'Jalen Lind', 'mikel38@example.com', '2025-07-13 10:42:47', '$2y$12$46C51i0tczh8g/xP9h9WHeXeLtQ890vOAH3UUJ90jy9PLUSxJQxz6', 'UUQ58rpfcd', '2025-07-13 10:43:29', '2025-07-13 10:43:29'),
(59, 'Mr. Morris Ondricka', 'dayna.jerde@example.org', '2025-07-13 10:42:48', '$2y$12$wvOltn0vHYIK3PG61oZCKO9Sh4vUzc0VxRq/I2XaXhLwuOrxuHeEy', '3Ng0FgGGg3', '2025-07-13 10:43:29', '2025-07-13 10:43:29'),
(60, 'Prof. Brad Kilback DDS', 'tschuster@example.net', '2025-07-13 10:42:48', '$2y$12$Og/Nc2z3W/krQLZ14OI4auaXt6X5b5Kwpz4QqO4QuV001BkcnBK/u', 'OP8dPw5E1f', '2025-07-13 10:43:29', '2025-07-13 10:43:29'),
(61, 'Prof. Mariane Okuneva', 'gdooley@example.org', '2025-07-13 10:42:48', '$2y$12$5Z10RoCGw2hgfnT1gPxUCeU7./1OzY.E/PcV2nGVL/oCu3ZdEQKcS', 'ABvGiXcdNc', '2025-07-13 10:43:29', '2025-07-13 10:43:29'),
(62, 'Lenny Sauer', 'preinger@example.org', '2025-07-13 10:42:48', '$2y$12$lYvp3k0C0.WkwJ6UWeyz5.XeVROjEItGN7JMGXD3H3qryO0ipnGeW', 'gJ27HEBJyU', '2025-07-13 10:43:29', '2025-07-13 10:43:29'),
(63, 'Elisa Tillman', 'ferne88@example.org', '2025-07-13 10:42:49', '$2y$12$hsiMxk8Sppy4UzD3n4LzvucwaNxhCVA/4bOaTJeaIJLszquAko9f6', 'x2RxbGAnB6', '2025-07-13 10:43:29', '2025-07-13 10:43:29'),
(64, 'Ike Watsica II', 'marks.julia@example.com', '2025-07-13 10:42:49', '$2y$12$ArShd9r2Ow86gmp0Le91GuiM7jvWwL1yyS97hWRN7x/Gg3WXKdasW', 'yktT1G2YJq', '2025-07-13 10:43:29', '2025-07-13 10:43:29'),
(65, 'Brandon Roberts', 'shanahan.anais@example.com', '2025-07-13 10:42:49', '$2y$12$sGk6BfAGYSAytIpESfw2au1l9xtOLsG6MQQI1SOsJdW2LavHnaYK.', '5cSRKDZZ6O', '2025-07-13 10:43:29', '2025-07-13 10:43:29'),
(66, 'Mattie Collins', 'abigale16@example.net', '2025-07-13 10:42:50', '$2y$12$g/zflaJhb8QwGfhU8K7lFuotHwefXt1qR5pib2GQWNeLnuzJa1HGS', '1HgdfUuYQh', '2025-07-13 10:43:29', '2025-07-13 10:43:29'),
(67, 'Prof. Bradford Daniel III', 'arnoldo.beatty@example.org', '2025-07-13 10:42:50', '$2y$12$H.FDdJIfXawFbUw8TjAtzuu3N6Gf.0KHRfCP5lnqHBGuFgqjEYK36', 'Ixev48PYUB', '2025-07-13 10:43:29', '2025-07-13 10:43:29'),
(68, 'Amari Roberts', 'schinner.athena@example.com', '2025-07-13 10:42:50', '$2y$12$i91CEyRzcfWG/eW5o3BzVu3vx1vz0s2MIqStEbVnPumTRWqJVRdGe', 'HMmqBWqrPH', '2025-07-13 10:43:29', '2025-07-13 10:43:29'),
(69, 'Mrs. Kira McCullough III', 'nikita74@example.net', '2025-07-13 10:42:51', '$2y$12$6I3pLCy8XWF1wymwJfs.Le50yda5sRVhv1gakOFiIOEfy2rD9Jire', 'Wb41A4ARzc', '2025-07-13 10:43:29', '2025-07-13 10:43:29'),
(70, 'Lamar Greenfelder', 'london77@example.org', '2025-07-13 10:42:51', '$2y$12$lsrqFI3TUNYwdYHtXKOcJe6NXY7wuwzvF2jaeBw9yfVN6p/mCYqEW', 'lplMX80k54', '2025-07-13 10:43:29', '2025-07-13 10:43:29'),
(71, 'Meredith Reichert DVM', 'nmoen@example.net', '2025-07-13 10:42:51', '$2y$12$bjEuKtcP1q9L3NlmjYsolOdsZ6R4CKNzxBt4vYaA2wGq74yXbIBAC', 'XxfEiSgp5k64lsZwNzh2Pt9fjH3Ny6F5bfYpurENjodiY3uAMQUZa53JqcYz', '2025-07-13 10:43:29', '2025-07-13 10:43:29'),
(72, 'Keyon Hartmann', 'conroy.karolann@example.org', '2025-07-13 10:42:52', '$2y$12$81LB5LlHhdt44ftjCI7UueI6QrYXi0h8Y5sFOcArDmEm0QaSY66kW', 'EUFhHFQmrP', '2025-07-13 10:43:29', '2025-07-13 10:43:29'),
(73, 'Mr. Gust Bogisich V', 'anna.olson@example.com', '2025-07-13 10:42:52', '$2y$12$SpwdumXWEEVeYgohpkJHd.MmJI3KJahrlwDibgQGHUldefNxGy.Mu', 'M62M9L1Gph', '2025-07-13 10:43:29', '2025-07-13 10:43:29'),
(74, 'Ms. Adrienne Ryan', 'alivia89@example.net', '2025-07-13 10:42:52', '$2y$12$/VBIgP64Q0K2htERTgwPN.EFGoq4xlClokZDqtNp.pCGlosK0wVIS', 'iCLsU0udBr', '2025-07-13 10:43:29', '2025-07-13 10:43:29'),
(75, 'Mr. Willis Morissette', 'iadams@example.org', '2025-07-13 10:42:52', '$2y$12$Dbnp7XswfDRs1F.nPtq/LO1HhaHZPMGxksWSDJke30onDtbQsCsfa', 'm1iCLHCkET', '2025-07-13 10:43:29', '2025-07-13 10:43:29'),
(76, 'Jamaal Hagenes', 'davis.myron@example.org', '2025-07-13 10:42:53', '$2y$12$vegs0cBBlFE8o/8OfsObwe/Np.49iBB/DfozAnhY2uZ5k2hhILNtW', 'JplLIBNAMt', '2025-07-13 10:43:29', '2025-07-13 10:43:29'),
(77, 'Haylie Grady', 'ora.schulist@example.com', '2025-07-13 10:42:53', '$2y$12$IiA3t5eXYGC8Oz6ddtaBLuNnbvfDa4yb8mGJxQe3Rx7GDqMPT4Yn.', 'IbPDwZVvPW', '2025-07-13 10:43:29', '2025-07-13 10:43:29'),
(78, 'Dr. Mathew Walter', 'rpollich@example.com', '2025-07-13 10:42:53', '$2y$12$hHr87uvRm.CxRZn6gKjVJOnCGXjjqyd3oyCT40WMJrNkwTz2pS/D.', '43qoMaHxKE', '2025-07-13 10:43:29', '2025-07-13 10:43:29'),
(79, 'Miss Stephanie Tillman', 'ldamore@example.org', '2025-07-13 10:42:54', '$2y$12$/XoLrmq3FG2mH1fd7dDpCe6CqceGHRFbtsEhzxQ7TXS9NwUtUki6u', 'vKxaV7Z04h', '2025-07-13 10:43:29', '2025-07-13 10:43:29'),
(80, 'Mr. Philip Cronin DDS', 'cristina03@example.net', '2025-07-13 10:42:54', '$2y$12$TW8fNB6w/bn6qnp/NTmZwO3UTDviFhMGvZS3Po8QJLJE4ygEFcwUG', 'WrmDapG7eq', '2025-07-13 10:43:29', '2025-07-13 10:43:29'),
(81, 'Adell VonRueden', 'cormier.cristian@example.org', '2025-07-13 10:42:54', '$2y$12$4j.LFOwSkUQmWr/gUh.27.IjFAqPgsOP1D6NHgyEmL1mB0zNNvNUG', 'tTAgcanufo', '2025-07-13 10:43:29', '2025-07-13 10:43:29'),
(82, 'Burdette Blanda', 'kohler.lonny@example.net', '2025-07-13 10:42:55', '$2y$12$r7X2YlP4/nZhB5fEIGvb9uBHhJIN.R2RYI/5ImBZcPLoNXpQUMfuC', 'ueYzz8hZSd', '2025-07-13 10:43:29', '2025-07-13 10:43:29'),
(83, 'Gabriel Runolfsson', 'gvon@example.com', '2025-07-13 10:42:55', '$2y$12$FGmQn2Iqheh6pet9PBkyEesdwJUqfPhYDWl/PdTVbFQGknk0Hq2Xe', 'dVXeNMpWbR', '2025-07-13 10:43:29', '2025-07-13 10:43:29'),
(84, 'Fred Haley', 'khansen@example.org', '2025-07-13 10:42:55', '$2y$12$Lp.igd7o6Imx7vvIpxh8Z.if03VGzwXUrtGfPz93EpCS3XlrQobsa', '82AceQ3ZwR', '2025-07-13 10:43:29', '2025-07-13 10:43:29'),
(85, 'Kacie Erdman', 'kieran85@example.org', '2025-07-13 10:42:55', '$2y$12$zjV5urujJyN20duq6EYVDOiF198RtJ.sdAveJ0MkfQEjRNkk8wNsW', 'XQR51SEds0', '2025-07-13 10:43:29', '2025-07-13 10:43:29'),
(86, 'Eryn VonRueden', 'weber.joan@example.com', '2025-07-13 10:42:56', '$2y$12$xngLm2VSbhs9cxc1fu6dZOHbhbccgQjzoeELx/IZnvjk4bLLlX6bq', 'MQXbUSwlWr', '2025-07-13 10:43:29', '2025-07-13 10:43:29'),
(87, 'Bud Lindgren', 'robel.nolan@example.com', '2025-07-13 10:42:56', '$2y$12$Y6.F9VzKqWg0FypBc/maIegkuHhvrZymKY18E/qzVj0gCi7c8Nloy', 'crSQVIDolN', '2025-07-13 10:43:29', '2025-07-13 10:43:29'),
(88, 'Demetris Stehr', 'anita07@example.com', '2025-07-13 10:42:56', '$2y$12$CiUqR95/z8oAXhbbvazNz.0TDIU3sAmrO39ujuxdi2KqiVJ/TVJ0i', 'r3x06nLHLb', '2025-07-13 10:43:29', '2025-07-13 10:43:29'),
(89, 'Elisabeth Kautzer', 'rutherford.maximo@example.org', '2025-07-13 10:42:57', '$2y$12$6Ksr.svIcqjaUIftMW4C9OlfKhwXGwicEFvayPiZpwGFnwh/AmGZG', 'JyhOEjzaHn', '2025-07-13 10:43:29', '2025-07-13 10:43:29'),
(90, 'Christine Beer PhD', 'qgleason@example.net', '2025-07-13 10:42:57', '$2y$12$FAThfA9kdAGwxyaK0.Rz0eKB4H.gDDPOK/uNqEMOSmM/kXZFvAiEy', 'ZvpkyMjDS5', '2025-07-13 10:43:29', '2025-07-13 10:43:29'),
(91, 'Keagan Gusikowski', 'breinger@example.net', '2025-07-13 10:42:57', '$2y$12$gjUwYW4f20d3qzzJf6m/R.AH2IRmXKbfBDnAmktS83JslInuZInlO', 's0yzh1HYEG', '2025-07-13 10:43:29', '2025-07-13 10:43:29'),
(92, 'Courtney Kling V', 'arden.deckow@example.net', '2025-07-13 10:42:57', '$2y$12$apiyuxfqQjLspfpjdi68MuZFrD5FOBekw4Vpm3uVtws5c4lQhgq1O', 'h0auuAtMqo', '2025-07-13 10:43:29', '2025-07-13 10:43:29'),
(93, 'Prof. Lukas Schiller', 'kautzer.finn@example.net', '2025-07-13 10:42:58', '$2y$12$VQYhwFK0sCDizcRRbJl7c.U45EZiZ2z0lcQ6ApAGACtqy9USElF2.', '5T5XtYWiiX', '2025-07-13 10:43:29', '2025-07-13 10:43:29'),
(94, 'Dr. Jermey Schumm', 'grunte@example.org', '2025-07-13 10:42:58', '$2y$12$IjY1m0HTUuvb32MsnNG7OeGFFpyw1pLKWgfhzuPhLRjIL64MG7fIO', 'YU8gx8hAxa', '2025-07-13 10:43:29', '2025-07-13 10:43:29'),
(95, 'Ismael Mayer MD', 'wjacobi@example.org', '2025-07-13 10:42:58', '$2y$12$g/xyqrnAI/oUZZL8UN/XO.oV0uFmWEkghaCZrVIKXJXDs8T7jmQ.6', 'knjc0yMqM1', '2025-07-13 10:43:29', '2025-07-13 10:43:29'),
(96, 'Bette Hackett', 'hettinger.elisa@example.net', '2025-07-13 10:42:59', '$2y$12$at.nPkFYvibZ1lDlxR/Ubue6/cvEBB6bZVDUOqZoI0.pcKt6DGIwe', 'k9YtvLsoSt', '2025-07-13 10:43:29', '2025-07-13 10:43:29'),
(97, 'Lonnie Weimann', 'clara48@example.com', '2025-07-13 10:42:59', '$2y$12$W4.NPcLts2t0sL/TowLK7OlKOKCBo232V3c7g63W/NKkRZlNmXYo6', '39AipGAlsY', '2025-07-13 10:43:29', '2025-07-13 10:43:29'),
(98, 'Taurean Connelly', 'gavin27@example.org', '2025-07-13 10:42:59', '$2y$12$ediXH/IgpQPVYJ1/2rl9IerBrDhB9f77KGlnhdL84YRZcfvj0FbTK', 'WUaX1d11Xm', '2025-07-13 10:43:29', '2025-07-13 10:43:29'),
(99, 'Dr. Sterling Johns', 'weimann.rosalyn@example.com', '2025-07-13 10:42:59', '$2y$12$t5PBcTB99UkfbLJ2dhLFXeRSrVD6Vv1qXoZKiyyUuYJ95mwZABthG', 'ENWjlEQGoB', '2025-07-13 10:43:29', '2025-07-13 10:43:29'),
(100, 'Kaia Auer', 'howell.ansel@example.net', '2025-07-13 10:43:00', '$2y$12$pkpx0zScwy2n.GGxooA3LudzGKB4VSQEh8Ki0n7/EEHag6GEU9wna', 'bXHukTTfdl', '2025-07-13 10:43:29', '2025-07-13 10:43:29'),
(101, 'Mr. Edison Halvorson', 'ryann.rosenbaum@example.com', '2025-07-13 10:43:00', '$2y$12$UnHl312jH598eWa.h.BnHOT.UuNaimyaiK1eGDdYtOrhjkoM6Rvcq', 'OXob0hLxw5', '2025-07-13 10:43:29', '2025-07-13 10:43:29'),
(102, 'Lexus Kuhlman', 'rupert.connelly@example.org', '2025-07-13 10:43:00', '$2y$12$txr6yjORtbepEDKPqmN.N.zB15niSRQcqx3r23x0TK6T42tXkCe5S', 'SO7LxLes7k', '2025-07-13 10:43:29', '2025-07-13 10:43:29'),
(103, 'Prof. Skye Kuhic DDS', 'dschulist@example.com', '2025-07-13 10:43:00', '$2y$12$rIUK/s5Vq1JhvgOwGTT8Z.X326RLPTg.X7m3U/v5ODwPjkwkUDd2q', 'omoroZfHJY', '2025-07-13 10:43:29', '2025-07-13 10:43:29'),
(104, 'Bobbie Weimann', 'mozelle.gutmann@example.net', '2025-07-13 10:43:01', '$2y$12$r4q68GgpV.cFSlAEjLJNduAmpg2Sy9GXT2ejl413Yr4ODNHiSg3Xq', 'kywS2N5MXM', '2025-07-13 10:43:29', '2025-07-13 10:43:29'),
(105, 'Kasandra Hane I', 'paris.ortiz@example.net', '2025-07-13 10:43:01', '$2y$12$N5KQIot2/P40yRsOCNWWXuoperxarnjIEELJuR7g.6FGvltotQ2Wm', 'rf6TgJcSYX', '2025-07-13 10:43:29', '2025-07-13 10:43:29'),
(106, 'Fred Ziemann', 'toy.dustin@example.net', '2025-07-13 10:43:01', '$2y$12$kRR.MHbKo89UVT4o8xFTD.jqUA.cwipp4JQMuoKtj8nS7R2g4FtHW', 'iOBLInPq6X', '2025-07-13 10:43:29', '2025-07-13 10:43:29'),
(107, 'Darby Leffler', 'nayeli55@example.org', '2025-07-13 10:43:02', '$2y$12$IqRdHx5XNiS8urNZDq7M/.Ow5kDcPGuhLBsNc9bKtUKJ3r6PxcWdu', 'NKJ6tdQ8oX', '2025-07-13 10:43:29', '2025-07-13 10:43:29'),
(108, 'Shaina Bins', 'oconner.dixie@example.org', '2025-07-13 10:43:02', '$2y$12$8gr0sAg7BpJX0Gx6VkRUV.EBABDvye0xsyAMGGD0FD816pSgaJJIO', 'o9QVbep20Y', '2025-07-13 10:43:29', '2025-07-13 10:43:29'),
(109, 'Prof. Beaulah Okuneva DDS', 'victoria.mueller@example.net', '2025-07-13 10:43:02', '$2y$12$3Vgr3RSdYo6TUWcr2XDeDe/SrJBDOiP4fdwERrE5bDIhpzcADSwgC', 'ePeFu1LLmC', '2025-07-13 10:43:29', '2025-07-13 10:43:29'),
(110, 'Claud Keebler', 'annabel.mayer@example.com', '2025-07-13 10:43:02', '$2y$12$CTa7sJXv/HWnqYoe4Ldk4eYqoTaEtlB4ZuG4MByKigp3Sgt5h.Fpe', 'J71x4SCZny', '2025-07-13 10:43:29', '2025-07-13 10:43:29'),
(111, 'Jayda Ondricka', 'vboyle@example.com', '2025-07-13 10:43:03', '$2y$12$csrWuRz5QZgvckeH8ILmPO9yL/t/0o8EG0rEajdUzQtUeSpM2G2hq', 'Pp3suuHmjP', '2025-07-13 10:43:29', '2025-07-13 10:43:29'),
(112, 'Tre Smitham', 'angel77@example.com', '2025-07-13 10:43:03', '$2y$12$QDRVFv8P/5xibLKIl917c.MWlM2eoNzc4nxSQbxvLx.D.5OFu2Nqy', 'CP4zuGmzhP', '2025-07-13 10:43:29', '2025-07-13 10:43:29'),
(113, 'Lenna Gibson', 'cremin.thora@example.com', '2025-07-13 10:43:03', '$2y$12$StTMMgnVMrpIvQcpyaU7BOxufmBfv9ctfKvvugDZ/7Psrh.rcYL/u', 'P7r6a31GNB', '2025-07-13 10:43:29', '2025-07-13 10:43:29'),
(114, 'Sabina Auer I', 'elisa71@example.org', '2025-07-13 10:43:04', '$2y$12$HcetwPZUVZR/h5FD7iliE.QhmeG7bEebzXEL7abb8/e7dNVKuzqvy', 'b8yfazhI9n', '2025-07-13 10:43:29', '2025-07-13 10:43:29'),
(115, 'Prof. Clay Marquardt PhD', 'zackery96@example.net', '2025-07-13 10:43:04', '$2y$12$2p3fIVrSS3ZHNYOIOd4siuwAD1Lm0b5ZDotrAXrVflpA7GSko9PcO', 'F7VCB2Ddgd', '2025-07-13 10:43:29', '2025-07-13 10:43:29'),
(116, 'Riley Hegmann', 'miller.augustine@example.net', '2025-07-13 10:43:04', '$2y$12$8T1vhCBskEcdQtx77R9Wi.DoToATN4HvQv6ANsOU82CuyUwEtJ8m.', 'KrTKG2Tdgy', '2025-07-13 10:43:29', '2025-07-13 10:43:29'),
(117, 'Rahsaan Fritsch', 'madonna88@example.org', '2025-07-13 10:43:04', '$2y$12$2g8F/f8jJYz.UmCrbyvZe.CUHdSUrFWmzePjujvW5ToT.wXO9YUHe', 'Li9HmikfUt', '2025-07-13 10:43:29', '2025-07-13 10:43:29'),
(118, 'Marion Cummings', 'dicki.adelia@example.com', '2025-07-13 10:43:05', '$2y$12$Xy9coacl0bKHSuWV2WecfeE2PkRNVaErmtcEATDTLWDhcycnXMzRC', 'QzshtSNeKR', '2025-07-13 10:43:29', '2025-07-13 10:43:29'),
(119, 'Ariel Simonis', 'yokon@example.com', '2025-07-13 10:43:05', '$2y$12$xzudkHKPrjW6TY6WIoasuO17ttthBHZUzac8SsjgABp3eRQ8X8Jf2', '0PYlv5Dqtb', '2025-07-13 10:43:29', '2025-07-13 10:43:29'),
(120, 'Alycia Welch', 'kaela89@example.com', '2025-07-13 10:43:05', '$2y$12$jcCRqBlMcAZS3/hwTwrpwuU5PcefQfMnly9QLPKgUgelqIeSnDSA2', 'tLcxgAnOnE', '2025-07-13 10:43:29', '2025-07-13 10:43:29'),
(121, 'Caroline Little', 'rkerluke@example.org', '2025-07-13 10:43:05', '$2y$12$ziOh.XYnNCLu5293GeIuKOLRocjwcUEm1qOi3xiO8i5XpK7s9V542', 'QT8hU8LzzA', '2025-07-13 10:43:29', '2025-07-13 10:43:29'),
(122, 'Ismael Leuschke', 'zwiegand@example.org', '2025-07-13 10:43:06', '$2y$12$Vqx5weHu6mRL7Z2SjKPlveNd7dkfoj06KwhLebRwQcRBcKZCl0H9C', 'mKmLimgkhq', '2025-07-13 10:43:29', '2025-07-13 10:43:29'),
(123, 'Mrs. Oma Will', 'vtillman@example.org', '2025-07-13 10:43:06', '$2y$12$XL1mdKGSIUoVSweDVVcsXuq3L4V2bDy.4HedhnxKpNShKPSEyqPba', 'GF5udeYcEP', '2025-07-13 10:43:29', '2025-07-13 10:43:29'),
(124, 'Dr. Reta Hyatt', 'raina.auer@example.org', '2025-07-13 10:43:06', '$2y$12$L9qRzHQzqYQAnKm3W9OGve9Tn9H0oPBtLPVUvbFOdhO4xeB5nJC.a', 'bjamwOX6Lv', '2025-07-13 10:43:29', '2025-07-13 10:43:29'),
(125, 'Darby Romaguera', 'jevon.goldner@example.net', '2025-07-13 10:43:07', '$2y$12$vHpemXifotKamNpsbFn3lueADwF/ZsHMH2KONypkKfl6mgI4gdT42', 'PUxGbdAiRG', '2025-07-13 10:43:29', '2025-07-13 10:43:29'),
(126, 'Murl Green', 'abelardo10@example.net', '2025-07-13 10:43:07', '$2y$12$i7u7.H7HToMcVF/ept3o5.JrOogc4sKYkqhoMa8LXKBunZySeelci', 'MTtooMQEIP', '2025-07-13 10:43:29', '2025-07-13 10:43:29'),
(127, 'Colt McKenzie', 'adella.hayes@example.com', '2025-07-13 10:43:07', '$2y$12$q6l1znFrV0oWVJ46VaHHmus2OL8C1ual5vuJ2WtSVWLoczR7LFxge', 'ocMCsRH7WW', '2025-07-13 10:43:29', '2025-07-13 10:43:29'),
(128, 'Jammie Steuber I', 'evalyn05@example.net', '2025-07-13 10:43:07', '$2y$12$fezNU2.MHZEqEOrHalzn1.VgvlKe2mYQMSGIgLBEqMjE7g2jJzYy.', 'AeYFrHbQAa', '2025-07-13 10:43:29', '2025-07-13 10:43:29'),
(129, 'Madelynn Konopelski', 'tracey.ledner@example.org', '2025-07-13 10:43:08', '$2y$12$KYPNoougttBpGkWYPkA2OOxUhYTdRuiETFUHz.N6sQmd0EqOxut06', 'djLXPj7QXL', '2025-07-13 10:43:29', '2025-07-13 10:43:29'),
(130, 'Mr. Dustin Marks', 'oaltenwerth@example.com', '2025-07-13 10:43:08', '$2y$12$m6UjANT8a5prtQ3QnCfVGOAVeYNjPd989qiIE3mzUjSf486d7rZOa', 'qC1KqJKCUq', '2025-07-13 10:43:29', '2025-07-13 10:43:29'),
(131, 'Dr. Mariano Braun', 'marlin.weber@example.net', '2025-07-13 10:43:08', '$2y$12$staydKbVUhRbXNAEcn9AlOmgZoksM0zGbAblHDB.PoHFifvr9T0.K', 'EgffIqNgKC', '2025-07-13 10:43:29', '2025-07-13 10:43:29'),
(132, 'Lorna Goodwin', 'sydnee49@example.org', '2025-07-13 10:43:09', '$2y$12$PWlebpdqrqIS4PFJn1UoGuBM/hCFu6UBbNkxwsnlRSZ8IvW9kim6W', 'LB4FR9yEIa', '2025-07-13 10:43:29', '2025-07-13 10:43:29'),
(133, 'Prof. Jerrod Pfannerstill', 'price.sarah@example.net', '2025-07-13 10:43:09', '$2y$12$VTL233qei3lOQ87SO/KG6emm/5XExR/BU206i2fg.x0AviuaIoJJ6', 'lKzumVPwRi', '2025-07-13 10:43:29', '2025-07-13 10:43:29'),
(134, 'Roslyn Shanahan', 'kaley.osinski@example.com', '2025-07-13 10:43:09', '$2y$12$kxBbHpArp/RIZUCexbLiS.JGZG5qToO1a63o3QxxRJ/i6qH6qGQ2u', 'ZTDuZM75xu', '2025-07-13 10:43:29', '2025-07-13 10:43:29'),
(135, 'Selmer Beier', 'delphia.auer@example.org', '2025-07-13 10:43:09', '$2y$12$MWKtmonhA4b9I1xDT0RdPOo3OrXbiESTCDBc2CdLvBrHgUH8xanp6', 'U6NTn0QGNZ', '2025-07-13 10:43:29', '2025-07-13 10:43:29'),
(136, 'Stefan Schneider', 'heidi.corwin@example.com', '2025-07-13 10:43:10', '$2y$12$yKJ09mPlHCvva92LkhLxs.wGdn82QJelMbuBhgsrqRHWvcqukruLO', 'SOjcJTKi4l', '2025-07-13 10:43:29', '2025-07-13 10:43:29'),
(137, 'Emmanuel Huels', 'hohara@example.org', '2025-07-13 10:43:10', '$2y$12$x6.VCmxf9HyM1pqPrqnt..FrBBl1JQe2tfVd6y6awMpe0gypuEp16', 'nxz8xkxCg5', '2025-07-13 10:43:29', '2025-07-13 10:43:29'),
(138, 'Savanah Fisher', 'osborne.lemke@example.com', '2025-07-13 10:43:10', '$2y$12$9YMyIhUxriIGh2YZnPLB3Oem1pORTjXySIc58GqXByKAYk6tVNyqS', 'PhsrGll5zW', '2025-07-13 10:43:29', '2025-07-13 10:43:29'),
(139, 'Keven Herman', 'vjacobi@example.org', '2025-07-13 10:43:10', '$2y$12$AArOKh7t3ZKCY4jZb9hB0uQUoYgJDmuUhyozZb4250g9y2yiQ4k5O', 'WRBJfYWR5a', '2025-07-13 10:43:29', '2025-07-13 10:43:29'),
(140, 'Mr. Reagan Haley', 'robin54@example.com', '2025-07-13 10:43:11', '$2y$12$OtmEeI9oKsj5yPz9yZlqX.jHfwLVO7VA7vs6vqCIgDEXIfwNhrg82', 'RAGoJBXLAL', '2025-07-13 10:43:29', '2025-07-13 10:43:29'),
(141, 'Rodger Rippin', 'ike09@example.com', '2025-07-13 10:43:11', '$2y$12$L8nV2oTO7kIiyj1e1AksneaM5jEO.SduAZ3dOFS1TFkmc7wQ1oxVm', '4tR837n0z8', '2025-07-13 10:43:29', '2025-07-13 10:43:29'),
(142, 'Helene Rogahn', 'hilpert.august@example.net', '2025-07-13 10:43:11', '$2y$12$4LG5aEE99PfNh/nCoKbbDusWynhdPHbpfdywXrU18W3Egf.u4h4lO', '5Q1haz4JF4', '2025-07-13 10:43:29', '2025-07-13 10:43:29'),
(143, 'Lula Crona V', 'neil.eichmann@example.net', '2025-07-13 10:43:12', '$2y$12$1HDGgvqbzbwIdX3CttD/PuwoOnMme.JcmiFMm3/qFGfELwAytkdIm', 'z3TJBho90K', '2025-07-13 10:43:29', '2025-07-13 10:43:29'),
(144, 'Rigoberto Heidenreich I', 'hill.araceli@example.org', '2025-07-13 10:43:12', '$2y$12$0fqEIVYsZh2toeyhBWg5/eU6AoBzzie7EslmiAcNtGOlWTP6y3qEW', 'q66LUYOMb7', '2025-07-13 10:43:29', '2025-07-13 10:43:29'),
(145, 'Dr. Leatha Block MD', 'kutch.kareem@example.com', '2025-07-13 10:43:12', '$2y$12$pD3WckVsmHTm67FdTfN93.iZPy0PN1pXFZseAt950sAv0vg3Y04Ae', 'AujGsom9MX', '2025-07-13 10:43:29', '2025-07-13 10:43:29'),
(146, 'Mr. Savion Hauck', 'leland.swaniawski@example.com', '2025-07-13 10:43:12', '$2y$12$jiRf7uwSrStCh1pgz6udhuCoW7LinX1wvFA0cMMpi6Lh7yzhmqL9.', 'r9qU7qbVuX', '2025-07-13 10:43:29', '2025-07-13 10:43:29'),
(147, 'Prof. Scot Kunze', 'ora.streich@example.com', '2025-07-13 10:43:13', '$2y$12$VHuKK8In2yqNbLfBfuOkc.69yXTMUNMcZ3kZbsssgZHxT3GKmEZV2', '3cWkwzpK29', '2025-07-13 10:43:29', '2025-07-13 10:43:29'),
(148, 'Miss Cali Koepp', 'leannon.ezekiel@example.net', '2025-07-13 10:43:13', '$2y$12$nVadHaLfQpi55nPYGsHB6.fMu7onwmjr92.ggv4ChDtzeb28QrJH.', 'h13jFBfhgZ', '2025-07-13 10:43:29', '2025-07-13 10:43:29'),
(149, 'Bert Harvey', 'green.josianne@example.org', '2025-07-13 10:43:13', '$2y$12$Cgt5u0qWQEXbD/NaWYmXCOxKBSfcmdVxRvZ.NeG72YoSKfhQ5V.26', 'PQf5whKhEc', '2025-07-13 10:43:29', '2025-07-13 10:43:29'),
(150, 'Edmund Dare', 'alysha36@example.org', '2025-07-13 10:43:14', '$2y$12$5s3IhMTNDvhXRMZcj13eD.E43l38U3XIUSGeyp/zF8AMc6yTgbA3u', '5DjyMAAtY6', '2025-07-13 10:43:29', '2025-07-13 10:43:29'),
(151, 'Kristofer DuBuque', 'wdickinson@example.com', '2025-07-13 10:43:14', '$2y$12$O2TMl.qyEa1gw0GMUVT96.fQ5jWj2.5pvIZ/tSp9sS/1he/dI9fZa', 'EWfzpq1OlM', '2025-07-13 10:43:29', '2025-07-13 10:43:29'),
(152, 'Dayton Green', 'otto.kutch@example.net', '2025-07-13 10:43:14', '$2y$12$QoMCM2518YSTY2dLDIuDf.cIRPFogN/YZOn0CoFOLkFJRT9W5EtCC', 'JTiIzwTYY8', '2025-07-13 10:43:29', '2025-07-13 10:43:29'),
(153, 'Daniella Hermiston', 'josianne56@example.net', '2025-07-13 10:43:14', '$2y$12$QE037h0a./2vODdwNUjdIuqGSy3TpspEHeQDIhUdeXJtnbgd1XP6K', 'wdkHFb3i5L', '2025-07-13 10:43:29', '2025-07-13 10:43:29'),
(154, 'Arne Simonis I', 'zulauf.afton@example.net', '2025-07-13 10:43:15', '$2y$12$9A1tMJ9TpNrAVnAyn7Q7duZkv3/OvHoL6ZH7Ewm1OPdk0mcNHXKeq', 'a0Z2kJMJBP', '2025-07-13 10:43:29', '2025-07-13 10:43:29'),
(155, 'Mrs. Scarlett Roob IV', 'littel.mariana@example.net', '2025-07-13 10:43:15', '$2y$12$4M8oNxoAgIKDZGlxFbtx3ebB2q0N2/Ory9whuE8zHW3vxGO0azDfW', 'nmGiinNReH', '2025-07-13 10:43:29', '2025-07-13 10:43:29'),
(156, 'Perry Baumbach', 'peichmann@example.net', '2025-07-13 10:43:15', '$2y$12$wixLNAaY7i/w2bksZAng5.T3upkQV7A43e.slf4WiPE1rgeFd2ZIm', 'fta8u9gGPR', '2025-07-13 10:43:29', '2025-07-13 10:43:29'),
(157, 'Meredith Rowe', 'ericka.terry@example.com', '2025-07-13 10:43:15', '$2y$12$6uSNVfpF9EIOnOQGbSrEn.uN8FVZcrSCtMycVpU0vvoBuyWhtcR1C', '0VRHTRXRKm', '2025-07-13 10:43:29', '2025-07-13 10:43:29'),
(158, 'Agustin Rogahn', 'durgan.franz@example.net', '2025-07-13 10:43:16', '$2y$12$NjIYwaUfsvCJvKjoz9dwSOgbWG/8a/pnjjhWlvstTkNtG4Rcz88sS', 'cXc5Y4YNKO', '2025-07-13 10:43:29', '2025-07-13 10:43:29'),
(159, 'Roma Goldner II', 'lakin.jeanne@example.org', '2025-07-13 10:43:16', '$2y$12$m1aMD3fk/jzONcNlN0ACo.cqP1ORTvijTkZMQnSAbAuKlBD529bPe', 'iHzgWsRuEJ', '2025-07-13 10:43:29', '2025-07-13 10:43:29'),
(160, 'Ofelia Schiller Jr.', 'ohermiston@example.org', '2025-07-13 10:43:16', '$2y$12$lAl.CCRbbSJufePltsK8XOGjSBzYkobTD6c4YIEzC8Z3R5i1nuUD6', 'n466LtcCpo', '2025-07-13 10:43:29', '2025-07-13 10:43:29'),
(161, 'Alva Dare', 'drenner@example.com', '2025-07-13 10:43:17', '$2y$12$B4lMgoY5xVInMEgwo7t4NuTb18QYehcdPPPk/lsTiKoo1p471FohO', 'wLAfXo8YvQ', '2025-07-13 10:43:29', '2025-07-13 10:43:29'),
(162, 'Mrs. Lesly Sawayn III', 'owaelchi@example.org', '2025-07-13 10:43:17', '$2y$12$59/.FMPXWxJXogqOHddE7e.qBKjPghAp9ADVbLi3IaSaWpemN2yUO', 'TGqr0NOjVz', '2025-07-13 10:43:29', '2025-07-13 10:43:29'),
(163, 'Jacinto Cole PhD', 'zdavis@example.org', '2025-07-13 10:43:17', '$2y$12$jKFr8XK.h9Q4jDB0s7fLjuUGzyocFqmSbGL9fmtROkhDz0OVXf8Hy', '8Xtaj4r0N6', '2025-07-13 10:43:29', '2025-07-13 10:43:29'),
(164, 'Ms. Briana Lind II', 'jdickens@example.net', '2025-07-13 10:43:17', '$2y$12$A0w5WbmLBa15iNYe/vgMv.sQfx547JLOKXTigwH0jmHMhrtzgm6vO', 'NP7ojdnIrZ', '2025-07-13 10:43:29', '2025-07-13 10:43:29'),
(165, 'Mr. Raheem Fisher IV', 'lind.maymie@example.com', '2025-07-13 10:43:18', '$2y$12$pSFHJmPBqsUV0LyclsF6neMjJgs0C1/FBNDwjkuQlqNEcD9SqTWyG', 'ROBURnVuPm', '2025-07-13 10:43:29', '2025-07-13 10:43:29'),
(166, 'Alysson Vandervort', 'dominique56@example.net', '2025-07-13 10:43:18', '$2y$12$H7dEYfZvG7VsaphyQhzd.u4mos/g9S5ZjPTEYaZUvqFaWR8XLHOM.', '82YPNDtxdI', '2025-07-13 10:43:29', '2025-07-13 10:43:29'),
(167, 'Prof. Freeman Ortiz', 'esperanza97@example.org', '2025-07-13 10:43:18', '$2y$12$0buPdTw37k5nDFvih9LA5.qFbAuqX1twJxWgfxgLUd80WWs0wgqLC', 'siSiYXVZ9I', '2025-07-13 10:43:29', '2025-07-13 10:43:29'),
(168, 'Rosemary Ledner', 'goodwin.jacynthe@example.org', '2025-07-13 10:43:19', '$2y$12$Qg48/FaIDmyFSWqGcTRg1OqhIG2CKAEEOgYWn7hhdtymd4qOxtGSK', 'lSoAB8J5k3', '2025-07-13 10:43:29', '2025-07-13 10:43:29'),
(169, 'Dr. Mohammed Mueller MD', 'stanford50@example.org', '2025-07-13 10:43:19', '$2y$12$7qv4s/Hi84qjeIsr3w/1EeKrsLhmCsZGErJqKg4vAniZeL0/YeD46', 'J49h8SD7y4', '2025-07-13 10:43:29', '2025-07-13 10:43:29'),
(170, 'Dr. Hellen Strosin MD', 'pacocha.shana@example.com', '2025-07-13 10:43:19', '$2y$12$RqSMUJsrFAoEGfTMUUjliODCdlMyOafPP7KgIirbRqcM9BldAxWe.', 'Uew7cA7Hbx', '2025-07-13 10:43:29', '2025-07-13 10:43:29'),
(171, 'Dr. Johnathan Considine', 'dorian50@example.org', '2025-07-13 10:43:19', '$2y$12$zJNt2urjW2zJ9O1G.q7LL.WQBy28/fl8P8WlcJKCUZoDOf1xspOL2', 'ejOg2gPr7y', '2025-07-13 10:43:29', '2025-07-13 10:43:29'),
(172, 'Mr. Alberto Veum PhD', 'queenie03@example.net', '2025-07-13 10:43:20', '$2y$12$HK9SvRR2g05ZINc2Bl2SKunMG2iz/NNVQHRTVzeY3xrCACCZdspRK', 'THlwYFu7n1', '2025-07-13 10:43:29', '2025-07-13 10:43:29'),
(173, 'Dr. Kay Treutel Sr.', 'halie20@example.org', '2025-07-13 10:43:20', '$2y$12$OQZXQYbgrGLv405moirpDOf4xTuB5CGHJbbg/EnRxGArcxxJXSP4m', '2ZmOexySj2', '2025-07-13 10:43:29', '2025-07-13 10:43:29'),
(174, 'Dr. Elton Wolff', 'morgan34@example.org', '2025-07-13 10:43:20', '$2y$12$QCq3Lccrm5HUwEh1UL.1TOc/.caA2WCgNx8SF.GBrxajp.P9aWzBm', 'XdboTNGLIM', '2025-07-13 10:43:29', '2025-07-13 10:43:29'),
(175, 'Devante Mraz', 'kade81@example.org', '2025-07-13 10:43:21', '$2y$12$uJ2CSE0hVU0Hp6NLLACdzez46iWuX2iRxlE62oezsX5PviJL.0ao2', 'Oz43c6ETCm', '2025-07-13 10:43:29', '2025-07-13 10:43:29'),
(176, 'Prof. Cruz Legros DVM', 'uboyle@example.org', '2025-07-13 10:43:21', '$2y$12$sW/VecfO7eSqDm.ESkgNhumTIiPxH4zPV4kTP00exMVAjEXSAMl9C', 'u15lFnZvSu', '2025-07-13 10:43:29', '2025-07-13 10:43:29'),
(177, 'Lourdes Crona', 'gerhold.royce@example.net', '2025-07-13 10:43:21', '$2y$12$f/35sUApbB7asZpNUjinz.tEF3pJQ07rDo6yUV.Q078nR2ml7P8C.', 'ueEKYL48qM', '2025-07-13 10:43:29', '2025-07-13 10:43:29'),
(178, 'Dr. Jared Rau III', 'rae.grady@example.net', '2025-07-13 10:43:21', '$2y$12$oRbbiQ9E1nZXLdNKqAWp4uCtQHt4ecqgHBuZvOekTW0f4Mp1D1moy', 'zJZm2TdfG3', '2025-07-13 10:43:29', '2025-07-13 10:43:29'),
(179, 'Bill Koss', 'jared58@example.net', '2025-07-13 10:43:22', '$2y$12$B6.cbYAnFkQjVrEYUglnyuVQdFTW59AZd1GM9sn3Oytgiv3sx7zQW', 'j0me2C6Xph', '2025-07-13 10:43:29', '2025-07-13 10:43:29'),
(180, 'Aliya Boyer', 'nbednar@example.net', '2025-07-13 10:43:22', '$2y$12$xMHs8duY7Ue3wrZUUoyNkuZx/bpVnsQ5RJDk8pwnTfvaeQkCm6HTq', 'J88zZtbVod', '2025-07-13 10:43:29', '2025-07-13 10:43:29'),
(181, 'Oma Fritsch', 'langosh.carleton@example.org', '2025-07-13 10:43:22', '$2y$12$MoT53Pr0iGprt2CKtiRoZeOwr7eKjKOwUd4W099VZIw7smsD41zGK', 'GfM2SKxWe6', '2025-07-13 10:43:29', '2025-07-13 10:43:29'),
(182, 'Ursula Waelchi', 'cbernhard@example.com', '2025-07-13 10:43:22', '$2y$12$KG1IJh4cYflJwzfSOvN4fe3Tqu5I.x.zAK3k/bNpi1bw4JSSV/yWe', 'n71jNOhZJc', '2025-07-13 10:43:29', '2025-07-13 10:43:29'),
(183, 'Gideon Turcotte III', 'russel.ora@example.net', '2025-07-13 10:43:23', '$2y$12$MqqMW/yv8LSukzjYMBeFSemdwWIv5HJkVb2/hYnnuokvg5.sf.Ryi', 'modhxr3eRT', '2025-07-13 10:43:29', '2025-07-13 10:43:29'),
(184, 'Ms. Lonie Leffler V', 'cortiz@example.net', '2025-07-13 10:43:23', '$2y$12$a5X4K0eUZGFKTvWakli14uilCRtGSEguZ5qsc/UQJ./zVayoxWKZW', 'hIwtmfAlFn', '2025-07-13 10:43:29', '2025-07-13 10:43:29'),
(185, 'Filiberto Frami', 'dturcotte@example.net', '2025-07-13 10:43:23', '$2y$12$1g87m2m2/UB.NCOH6MVLGOnGQMiFCTqjX/dWvGmDJRiZp0ttzRacO', 'pvcLx7PZEX', '2025-07-13 10:43:29', '2025-07-13 10:43:29'),
(186, 'Cortez Goldner', 'kris.dawn@example.net', '2025-07-13 10:43:24', '$2y$12$gx6fy2eyDpGcLP4/kzAj3.i4h7u33x7uM6wvwrQajlvWqPcx5JOKy', 'A2ln0Rfwpk', '2025-07-13 10:43:29', '2025-07-13 10:43:29'),
(187, 'Prof. Amanda Smitham Jr.', 'della46@example.net', '2025-07-13 10:43:24', '$2y$12$9yU.Iim34NY3Q1DusMA/suOtMk645axEvO8B2DQTtEybIwiTqTsBy', 'gdoqLaGpTc', '2025-07-13 10:43:29', '2025-07-13 10:43:29'),
(188, 'Ms. Josiane Aufderhar DDS', 'kennedi.boyer@example.org', '2025-07-13 10:43:24', '$2y$12$x8bNVsnu9CViiWGEM5Ax6.ARgZAdbeUNCIFhjMKVC6SNqNoerd71q', 'MhveFjcAC1', '2025-07-13 10:43:29', '2025-07-13 10:43:29'),
(189, 'Mrs. Dominique Mohr', 'tgulgowski@example.org', '2025-07-13 10:43:24', '$2y$12$hyIL/c637H.WRTjq2ZI2S.LuxM8a4/U4vB7qFGsMxFHDURFoDmLvW', 'tIJQqcHBDF', '2025-07-13 10:43:29', '2025-07-13 10:43:29'),
(190, 'Kacey Beer', 'jada97@example.org', '2025-07-13 10:43:25', '$2y$12$ICkl3wVSxXQWJpKCFvJ/Zu2PILogBPTSVnPUbQTPab56BeUEl9WXC', 'XHTrNGZeRw', '2025-07-13 10:43:29', '2025-07-13 10:43:29'),
(191, 'Jeanne Schowalter', 'thurman34@example.com', '2025-07-13 10:43:25', '$2y$12$Pe4DsLjgRQQ0tWqEvBr5quKwzpwooNUfzZDEEBXAGJ3uiiUaAOs9S', 'GEnwK3RKGJ', '2025-07-13 10:43:29', '2025-07-13 10:43:29'),
(192, 'Jeremy Bashirian', 'aiyana.simonis@example.org', '2025-07-13 10:43:25', '$2y$12$X3iDIZPEp/b5G/gULI99seL4B2SQLbpTy2wCv1ycGvJ0dU5y5q2k2', 'H9Gu2qftWW', '2025-07-13 10:43:29', '2025-07-13 10:43:29'),
(193, 'Dr. Sarai O\'Reilly II', 'raphael03@example.net', '2025-07-13 10:43:25', '$2y$12$w4Y7NQaxpBPYujAW63iigO7LsnzVxbSG1SfRZHlYI0fDVfclZ.O2a', 'k2szqBMcEC', '2025-07-13 10:43:29', '2025-07-13 10:43:29'),
(194, 'Delaney Bernhard', 'bertha79@example.org', '2025-07-13 10:43:26', '$2y$12$aakWQfP7ZTf4xlIeWRWAtu.hqGc4GzBHz1RHi.8NzhshydXfBrhUe', 'OgGL5yGITS', '2025-07-13 10:43:29', '2025-07-13 10:43:29'),
(195, 'John Crooks', 'ernest.moore@example.org', '2025-07-13 10:43:26', '$2y$12$Dwmwg.IGFOLfxfqX9l5D4u02M2RNFviylk6sRtJF0D3qF0jFkbbFO', 'OEMsErCuCD', '2025-07-13 10:43:29', '2025-07-13 10:43:29'),
(196, 'Mr. Ola Eichmann II', 'igerlach@example.net', '2025-07-13 10:43:26', '$2y$12$1thJAqry8ICrfHARc20Cg.BplJcfqZIr38aFZ.nh.2E89t8LZZqpe', 'rP2txRvHKc', '2025-07-13 10:43:29', '2025-07-13 10:43:29'),
(197, 'Shemar McLaughlin', 'alexandre08@example.com', '2025-07-13 10:43:27', '$2y$12$rX.W6bmJyzH0N2GMOYlr7OBBWlY0W6nuMSIf2/TbxRIewQLpgSMmi', 'RVhXnh5UvC', '2025-07-13 10:43:29', '2025-07-13 10:43:29'),
(198, 'Alysha Lesch', 'kaitlyn89@example.net', '2025-07-13 10:43:27', '$2y$12$tP1esbZ5qSBZktdXYJJusOetSHgjXRy4tFPCM4yTA4w7FPFuI2scS', 'ioAD7ts8KG', '2025-07-13 10:43:29', '2025-07-13 10:43:29'),
(199, 'Shea Stiedemann', 'kuhlman.maurine@example.com', '2025-07-13 10:43:27', '$2y$12$3K8QdAxBkV.SuVap6QEna.AhOfvt1jJjyBsv4iF85nNsyAXdtlXeO', 'CybZS7Po9c', '2025-07-13 10:43:29', '2025-07-13 10:43:29'),
(200, 'Cali Dooley', 'ischamberger@example.net', '2025-07-13 10:43:27', '$2y$12$z1VXF3ecGvHWd0SnEoYCB.YQbT4rCR19cvAMEJMdBChm3eJYgFPni', 'i6lpak55wd', '2025-07-13 10:43:29', '2025-07-13 10:43:29'),
(201, 'Charlene Barton', 'lkuhic@example.org', '2025-07-13 10:43:28', '$2y$12$9zumsEboDUdxfuKTzcOHdOUuHZNB/jIPbmecgM7E3mfniqKNHCNNG', 'qV1HGiL6vt', '2025-07-13 10:43:29', '2025-07-13 10:43:29'),
(202, 'Shirley Price', 'anais.schimmel@example.net', '2025-07-13 10:43:28', '$2y$12$JBbZdao36Nsc/mROzAdsM.M8DIkqx8G8mqgqScH6b6Oo3DbVnQV3K', 'yw59bduNLy', '2025-07-13 10:43:29', '2025-07-13 10:43:29');
COMMIT;

/*!40101 SET CHARACTER_SET_CLIENT=@OLD_CHARACTER_SET_CLIENT */;
/*!40101 SET CHARACTER_SET_RESULTS=@OLD_CHARACTER_SET_RESULTS */;
/*!40101 SET COLLATION_CONNECTION=@OLD_COLLATION_CONNECTION */;
